{

    "metadata" :
    {
        "formatVersion" : 3,
        "generatedBy"   : "Blender 2.63 Exporter",
        "vertices"      : 140,
        "faces"         : 154,
        "normals"       : 78,
        "colors"        : 0,
        "uvs"           : 0,
        "materials"     : 1,
        "morphTargets"  : 0
    },

    "scale" : 1.000000,

    "materials": [	{
	"DbgColor" : 15658734,
	"DbgIndex" : 0,
	"DbgName" : "default",
	"vertexColors" : false
	}],

    "vertices": [4.750016,0.537279,-0.670749,4.750016,0.537279,-0.513088,4.153658,0.537279,-0.513087,4.153658,0.537279,-0.670749,4.750016,0.578240,-0.670749,4.750016,0.578240,-0.513088,4.153658,0.578240,-0.513087,4.153658,0.578240,-0.670749,4.153658,0.618401,-0.591918,4.750016,0.618401,-0.591918,4.750016,0.537279,-0.471498,4.750016,0.537279,-0.313836,4.424722,0.537279,-0.313836,4.424722,0.537279,-0.471498,4.750016,0.578240,-0.471498,4.750016,0.578240,-0.313836,4.424722,0.578240,-0.313836,4.424722,0.578240,-0.471498,4.495842,0.618401,-0.392667,4.750016,0.618401,-0.392667,4.750016,0.618401,-0.179625,4.013829,0.618401,-0.179625,4.013829,0.578240,-0.258456,4.013829,0.578240,-0.100794,4.750016,0.578240,-0.100794,4.750016,0.578240,-0.258456,4.013829,0.537279,-0.258456,4.013829,0.537279,-0.100794,4.750016,0.537279,-0.100794,4.750016,0.537279,-0.258456,4.877503,0.550169,-0.169546,4.877503,0.140571,-0.169546,5.114145,0.166043,-0.173356,5.114145,0.274978,-0.173356,4.874775,0.166043,-0.173356,4.874775,0.274978,-0.173356,4.874775,0.274978,-0.070005,4.874775,0.166043,-0.070005,4.874775,0.274978,0.169365,4.966378,0.274978,0.151144,5.044035,0.274978,0.099255,5.095924,0.274978,0.021598,5.114145,0.274978,-0.070005,4.874775,0.166043,0.169365,4.966378,0.166043,0.151144,5.044035,0.166043,0.099255,5.095924,0.166043,0.021598,5.114145,0.166043,-0.070005,4.877503,0.140570,-0.736078,4.877503,0.140571,-0.066195,3.678699,0.140571,-0.066195,3.678700,0.140570,-0.736078,4.877503,0.550169,-0.736078,4.877503,0.550169,-0.066195,3.678699,0.550169,-0.066195,3.678699,0.550169,-0.736077,6.118271,0.618595,-0.912122,6.171354,0.618595,-0.897899,6.210211,0.618595,-0.859040,6.224435,0.618595,-0.805958,6.210211,0.618595,-0.752876,6.171354,0.618595,-0.714018,6.118271,0.618595,-0.699795,6.065190,0.618595,-0.714018,6.026331,0.618595,-0.752876,6.012108,0.618595,-0.805958,6.026331,0.618595,-0.859040,6.065190,0.618595,-0.897899,6.118271,0.618595,-0.805958,6.118271,0.147144,-0.805958,6.065190,0.147144,-0.897899,6.026331,0.147144,-0.859040,6.012108,0.147144,-0.805958,6.026331,0.147144,-0.752876,6.065190,0.147144,-0.714018,6.118271,0.147144,-0.699795,6.171354,0.147144,-0.714018,6.210211,0.147144,-0.752876,6.224435,0.147144,-0.805958,6.210211,0.147144,-0.859040,6.171354,0.147144,-0.897899,6.118271,0.147144,-0.912122,3.642203,0.147144,-0.260210,3.695285,0.147144,-0.245987,3.734143,0.147144,-0.207128,3.748367,0.147144,-0.154046,3.734143,0.147144,-0.100964,3.695285,0.147144,-0.062106,3.642203,0.147144,-0.047882,3.589121,0.147144,-0.062106,3.550262,0.147144,-0.100964,3.536040,0.147144,-0.154046,3.550262,0.147144,-0.207128,3.589121,0.147144,-0.245987,3.642203,0.147144,-0.154046,3.642203,0.618595,-0.154046,3.589121,0.618595,-0.245987,3.550262,0.618595,-0.207128,3.536040,0.618595,-0.154046,3.550262,0.618595,-0.100964,3.589121,0.618595,-0.062106,3.642203,0.618595,-0.047882,3.695285,0.618595,-0.062106,3.734143,0.618595,-0.100964,3.748367,0.618595,-0.154046,3.734143,0.618595,-0.207128,3.695285,0.618595,-0.245987,3.642203,0.618595,-0.260210,4.839753,0.126638,-0.804971,4.883646,0.126638,-0.793210,4.915778,0.126638,-0.761078,4.927539,0.126638,-0.717185,4.751965,0.126638,-0.717185,4.763727,0.126638,-0.761078,4.795860,0.126638,-0.793210,4.839753,0.126638,-0.717185,4.839753,0.587721,-0.717185,4.795860,0.587721,-0.793210,4.763727,0.587721,-0.761078,4.751965,0.587721,-0.717185,4.927539,0.587721,-0.717185,4.915778,0.587721,-0.761078,4.883646,0.587721,-0.793210,4.839753,0.587721,-0.804971,6.151145,0.140570,-0.836571,6.151145,0.140571,-0.167069,5.204580,0.140571,-0.167069,5.204581,0.140570,-0.836571,6.151145,0.580064,-0.836571,6.151145,0.580064,-0.167069,5.204580,0.580064,-0.167069,5.204580,0.580064,-0.836571,4.748070,0.707117,-0.707370,4.748070,0.707117,-0.167069,5.238124,0.707117,-0.167069,5.238124,0.707117,-0.707370,4.748070,0.140570,-0.707370,4.748070,0.140571,-0.167069,5.238124,0.140571,-0.167069,5.238124,0.140570,-0.707370],

    "morphTargets": [],

    "normals": [0.577349,-0.577349,-0.577349,0.577349,-0.577349,0.577349,-0.577349,-0.577349,0.577349,-0.577349,-0.577349,-0.577349,0.606250,0.415540,-0.678060,0.606250,0.415540,0.678060,-0.606250,0.415540,0.678060,-0.606250,0.415540,-0.678060,-0.617786,0.786340,0.000000,0.617786,0.786340,0.000000,-0.621357,0.472762,0.624775,-0.621357,0.472762,-0.624775,-0.139897,0.990143,0.000000,-0.522233,-0.567705,0.636341,-0.522233,0.567705,0.636341,-0.447188,0.894406,0.000000,-0.447188,-0.894406,0.000000,0.000000,-0.707083,0.707083,0.000000,0.707083,0.707083,-1.000000,0.000000,0.000000,0.724357,-0.685690,0.071322,0.000000,-0.999969,0.000000,0.707083,-0.707083,0.000000,0.724357,0.685690,0.071322,0.707083,0.707083,0.000000,0.000000,1.000000,0.000000,0.285531,-0.665700,0.689383,0.285531,0.665700,0.689383,0.527635,-0.665700,0.527635,0.527635,0.665700,0.527635,0.689383,-0.665700,0.285531,0.689383,0.665700,0.285531,0.577349,0.577349,-0.577349,-0.577349,0.577349,-0.577349,-0.577349,0.577349,0.577349,0.378582,0.653218,-0.655690,0.000000,0.653218,-0.757134,0.655721,0.653218,-0.378552,0.757134,0.653218,0.000000,0.655721,0.653218,0.378552,0.378582,0.653218,0.655721,0.000000,0.653218,0.757134,-0.378552,0.653218,0.655721,-0.655721,0.653218,0.378552,-0.757134,0.653218,0.000000,-0.655721,0.653218,-0.378552,-0.378582,0.653218,-0.655690,0.000000,-0.653218,-0.757134,-0.378582,-0.653218,-0.655690,-0.655721,-0.653218,-0.378552,-0.757134,-0.653218,0.000000,-0.655721,-0.653218,0.378552,-0.378552,-0.653218,0.655721,0.000000,-0.653218,0.757134,0.378582,-0.653218,0.655721,0.655721,-0.653218,0.378552,0.757134,-0.653218,0.000000,0.655721,-0.653218,-0.378552,0.378582,-0.653218,-0.655690,0.000000,-1.000000,0.000000,-0.378552,-0.653218,-0.655721,0.655690,-0.653218,0.378552,0.655690,-0.653218,-0.378552,0.378582,-0.653218,-0.655721,0.378582,0.653218,-0.655721,0.655690,0.653218,-0.378552,-0.378552,0.653218,-0.655721,0.000000,0.999969,0.000000,0.654683,-0.564806,0.502335,0.378552,-0.653218,-0.655721,-0.655690,-0.653218,-0.378582,-0.654683,-0.564806,0.502335,0.378552,0.653218,-0.655721,0.654683,0.564806,0.502335,-0.654683,0.564806,0.502335,-0.655690,0.653218,-0.378582,-0.577319,-0.577349,-0.577349,0.577349,0.577349,0.577349],

    "colors": [],

    "uvs": [[]],