{

    "metadata" :
    {
        "formatVersion" : 3,
        "generatedBy"   : "Blender 2.63 Exporter",
        "vertices"      : 55,
        "faces"         : 49,
        "normals"       : 38,
        "colors"        : 0,
        "uvs"           : 0,
        "materials"     : 1,
        "morphTargets"  : 0
    },

    "scale" : 1.000000,

    "materials": [	{
	"DbgColor" : 15658734,
	"DbgIndex" : 0,
	"DbgName" : "default",
	"vertexColors" : false
	}],

    "vertices": [-6.218626,0.010674,-0.465955,-6.218626,0.010674,-0.039733,-6.507842,0.010674,-0.039733,-6.507842,0.010674,-0.465955,-6.218626,0.272460,-0.465955,-6.218626,0.272460,-0.039733,-6.507842,0.272460,-0.039733,-6.507842,0.272460,-0.465955,-5.940464,0.272460,-0.039733,-5.940464,0.272460,-0.465955,-5.940464,0.010674,-0.039733,-5.940464,0.010674,-0.465955,-6.079545,0.547891,-0.039733,-6.079545,0.547891,-0.465955,-6.363234,0.547891,-0.465955,-6.363234,0.547891,-0.039733,-6.079545,0.227884,-0.078763,-6.079545,0.227884,0.014746,-6.019738,0.010674,-0.078763,-6.019738,0.010674,0.014746,-6.019738,0.109444,-0.078763,-6.019738,0.109444,0.014746,-6.139352,0.109444,0.014746,-6.139352,0.109444,-0.078763,-6.139352,0.010674,0.014746,-6.139352,0.010674,-0.078763,-6.425652,0.010674,-0.078763,-6.425652,0.010674,0.014747,-6.425652,0.109444,-0.078763,-6.425652,0.109444,0.014747,-6.306037,0.109444,0.014747,-6.306037,0.109444,-0.078763,-6.306037,0.010674,0.014747,-6.306037,0.010674,-0.078763,-6.365844,0.227884,0.014747,-6.365844,0.227884,-0.078763,-5.888381,0.010674,-0.399480,-5.775781,0.010674,-0.334471,-5.775781,0.010674,-0.204452,-5.888381,0.010674,-0.139442,-5.888381,0.206395,-0.139442,-5.775781,0.206395,-0.204452,-5.775781,0.206395,-0.334471,-5.888381,0.206395,-0.399480,-5.889540,0.543867,-0.269461,-7.006196,0.543867,-0.269461,-7.005037,0.206395,-0.399480,-7.005037,0.206395,-0.139442,-7.005037,0.010674,-0.139442,-7.005037,0.010674,-0.399480,-5.940464,0.272460,-0.593370,-6.079545,0.547891,-0.593370,-6.218626,0.272460,-0.593370,-6.218626,0.010674,-0.593370,-5.940464,0.010674,-0.593370],

    "morphTargets": [],

    "normals": [-0.301492,-0.904508,-0.301492,0.000000,-0.707083,0.707083,-0.577349,-0.577349,0.577349,-0.577349,-0.577349,-0.577349,-0.002045,0.260414,0.965484,-0.731956,0.180456,0.656972,-0.731956,0.180456,-0.656972,-0.657857,0.473098,-0.585955,0.577349,-0.577349,0.577349,0.732109,0.174352,0.658467,0.707083,-0.707083,0.000000,0.972777,0.231666,0.000000,0.000000,1.000000,0.000000,0.000000,0.834437,0.551073,0.000000,0.833796,-0.552049,0.000000,0.833796,0.552049,-0.452132,0.228309,-0.862209,-0.452132,0.228278,0.862209,0.000000,0.834437,-0.551073,0.732109,0.174352,-0.658467,0.577349,-0.577349,-0.577349,0.000000,-0.707083,-0.707083,-0.452132,0.228309,0.862209,0.258797,0.000000,0.965911,0.866024,0.000000,0.499985,0.852840,0.174291,0.492172,0.248756,0.173193,0.952940,0.866024,0.000000,-0.499985,0.852840,0.174291,-0.492172,0.258797,0.000000,-0.965911,0.248756,0.173193,-0.952940,0.420606,0.907224,0.000000,-0.667867,0.135228,-0.731864,-0.547319,0.836909,0.000000,-0.667867,0.135228,0.731864,-0.707083,0.000000,-0.707083,-0.707083,0.000000,0.707083,-0.732109,0.174352,-0.658467],

    "colors": [],

    "uvs": [[]],

    "faces": [35,0,1,2,3,0,0,1,2,3,35,1,5,6,2,0,1,4,5,2,35,2,6,7,3,0,2,5,6,3,35,4,0,3,7,0,7,0,3,6,35,5,1,10,8,0,4,1,8,9,35,1,0,11,10,0,1,0,10,8,35,11,9,8,10,0,10,11,9,8,35,8,9,13,12,0,9,11,12,13,34,5,8,12,0,4,9,13,35,4,5,12,13,0,7,4,13,12,34,4,7,14,0,7,6,14,35,7,6,15,14,0,6,5,15,14,34,6,5,15,0,5,4,15,35,5,4,14,15,0,4,7,14,15,35,23,22,17,16,0,16,17,13,18,34,20,23,16,0,19,16,18,34,22,21,17,0,17,9,13,35,21,20,16,17,0,9,19,18,13,35,18,20,21,19,0,20,19,9,8,35,24,25,18,19,0,1,21,20,8,35,22,24,19,21,0,17,1,8,9,35,25,23,20,18,0,21,16,19,20,35,26,28,31,33,0,21,16,19,20,35,29,27,32,30,0,22,1,8,9,35,27,26,33,32,0,1,21,20,8,35,33,31,30,32,0,20,19,9,8,35,30,31,35,34,0,9,19,18,13,34,29,30,34,0,22,9,13,34,31,28,35,0,19,16,18,35,28,29,34,35,0,16,22,13,18,35,39,38,41,40,0,23,24,25,26,35,37,42,41,38,0,27,28,25,24,35,37,36,43,42,0,27,29,30,28,34,42,43,44,0,28,30,31,34,42,44,41,0,28,31,25,34,40,41,44,0,26,25,31,35,44,43,46,45,0,31,30,32,33,35,40,44,45,47,0,26,31,33,34,35,43,36,49,46,0,30,29,35,32,35,39,40,47,48,0,23,26,34,36,35,13,9,50,51,0,12,11,19,18,35,4,13,51,52,0,7,12,18,37,35,11,0,53,54,0,10,0,3,20,35,9,11,54,50,0,11,10,20,19,35,0,4,52,53,0,0,7,37,3,34,50,52,51,0,19,37,18,35,53,52,50,54,0,3,37,19,20,35,46,49,48,47,0,32,35,36,34,34,45,46,47,0,33,32,34]



}
