{

    "metadata" :
    {
        "formatVersion" : 3,
        "generatedBy"   : "Blender 2.63 Exporter",
        "vertices"      : 56,
        "faces"         : 58,
        "normals"       : 46,
        "colors"        : 0,
        "uvs"           : 133,
        "materials"     : 1,
        "morphTargets"  : 0
    },

    "scale" : 1.000000,

    "materials": [	{
	"DbgColor" : 15658734,
	"DbgIndex" : 0,
	"DbgName" : "central",
	"blending" : "NormalBlending",
	"colorAmbient" : [0.0, 0.0, 0.0],
	"colorDiffuse" : [0.0, 0.2650020877272201, 0.40960002555847197],
	"colorSpecular" : [0.125, 0.125, 0.125],
	"depthTest" : true,
	"depthWrite" : true,
	"shading" : "Lambert",
	"specularCoef" : 50,
	"transparency" : 1.0,
	"transparent" : false,
	"vertexColors" : false
	}],

    "vertices": [-0.990242,0.741804,-4.771380,-0.990242,0.741804,-4.623239,-0.766563,0.741804,-4.623239,-0.766563,0.741804,-4.771532,-1.424860,0.706734,-5.643023,-1.424860,0.706734,-5.116651,-1.335139,0.706734,-5.643023,-1.335139,0.706734,-5.116651,-1.612155,0.608720,-4.975979,-1.612155,0.608720,-5.783696,-1.335139,0.706734,-4.622849,-1.670466,0.706734,-4.622849,-1.335139,0.706734,-6.101036,-1.711506,0.706734,-6.101036,-0.858561,0.706734,-6.101036,-0.751944,0.275106,-5.898223,-0.751944,0.275106,-6.303841,-0.751944,0.608720,-5.898223,-0.751944,0.608720,-6.303841,-1.818121,0.275106,-5.898223,-1.818121,0.608720,-5.898223,-1.818121,0.275106,-6.303841,-1.818121,0.608720,-6.303841,-1.512711,0.608720,-6.303841,-1.512711,0.275106,-6.303841,-1.157567,0.608720,-6.303841,-1.157567,0.275106,-6.303841,-1.157567,0.275106,-5.898223,-1.157567,0.608720,-5.898223,-1.512711,0.608720,-5.898223,-1.512711,0.275106,-5.898223,-0.599241,0.608720,-4.977119,-0.599241,0.608720,-4.417652,-0.599239,0.275106,-4.977119,-0.599241,0.275106,-4.417652,-1.789486,0.275106,-4.828043,-1.789486,0.608720,-4.828043,-1.789486,0.275106,-4.417652,-1.789486,0.608720,-4.417652,-1.512711,0.608720,-4.417652,-1.512711,0.275106,-4.417652,-1.157567,0.608720,-4.417652,-1.157567,0.275106,-4.417652,-1.157567,0.275106,-4.977119,-1.157567,0.608720,-4.976550,-1.512711,0.275106,-4.828043,-1.512711,0.608720,-4.828043,-1.512711,0.608720,-5.783696,-1.512711,0.608720,-4.975979,-1.512711,0.275106,-5.783696,-1.512711,0.275106,-4.975979,-1.157567,0.608720,-5.783696,-1.612155,0.275106,-5.783696,-1.612155,0.275106,-4.975979,-1.157567,0.275106,-4.975979,-1.157567,0.275106,-5.783696],

    "morphTargets": [],

    "normals": [-0.262307,0.941221,-0.212775,-0.262215,0.941282,0.212592,0.262215,0.941282,0.212592,0.262032,0.941282,-0.212836,-0.024751,0.587176,0.809046,0.630818,0.440107,0.638997,0.630573,0.440321,-0.639088,0.482315,0.783471,-0.391766,-0.476455,0.700034,0.531846,0.178106,0.981170,0.074313,-0.175207,0.954741,0.240272,-0.632282,0.461592,0.622181,-0.476455,0.700064,-0.531846,-0.632282,0.461592,-0.622181,-0.175207,0.954741,-0.240272,0.178106,0.981170,-0.074313,0.861171,0.508286,0.000000,-0.491501,0.739982,-0.459120,0.134953,0.985687,0.100833,0.000000,0.533372,0.845851,-0.617878,0.461654,0.636464,-0.223548,0.974670,0.000000,-0.617878,0.461654,-0.636464,-0.491012,0.739067,0.461165,0.000000,0.995056,-0.099155,0.491012,0.739067,0.461165,0.000000,0.531419,-0.847072,-0.617725,0.457045,-0.639912,-0.248085,0.968719,0.000000,-0.617725,0.457045,0.639912,0.617725,0.457045,0.639882,0.248085,0.968719,0.000000,0.617725,0.457045,-0.639912,0.000000,-1.000000,0.000000,-0.348704,-0.869839,-0.348888,0.577319,-0.577105,-0.577593,0.577349,-0.577349,0.577349,0.577349,-0.577349,-0.577349,0.301492,-0.904508,0.301492,0.000000,-0.707083,-0.707083,-0.577349,-0.577349,0.577349,-0.577349,-0.577349,-0.577349,-0.301492,-0.904508,0.301492,0.707083,-0.707083,0.000000,-0.301492,-0.904508,-0.301492,0.000000,-0.707083,0.707083],

    "colors": [],

    "uvs": [[0.856524,0.868322,0.855538,0.922372,0.937114,0.923862,0.938101,0.869756,0.794577,0.996281,0.998199,1.000000,1.001925,0.795873,0.798299,0.792362,0.668774,0.790205,0.733417,0.740053,0.700695,0.739455,0.632506,0.789543,0.674154,0.495502,0.637886,0.494840,0.704201,0.547403,0.736922,0.548001,0.803675,0.497867,0.667789,0.844181,0.730128,0.920221,0.665056,0.993916,0.564115,0.992073,0.607834,0.917988,0.566848,0.842338,0.674916,0.453716,0.739973,0.380890,0.804438,0.456081,0.807139,0.308087,0.677618,0.305722,0.566234,0.303688,0.602711,0.378384,0.563533,0.451682,0.952369,0.458782,0.913781,0.384064,0.955070,0.310789,0.577259,0.303688,0.564405,0.305446,0.576843,0.303687,0.607810,0.060790,0.235043,0.061934,0.235725,0.284671,0.608493,0.283528,0.394807,0.292513,0.617545,0.293196,0.618376,0.022385,0.395638,0.021702,0.333377,0.289780,0.556115,0.289097,0.555284,0.018283,0.332546,0.018965,0.806008,0.458051,0.808732,0.310057,0.956728,0.312782,0.954003,0.460775,0.388068,0.269524,0.384083,0.046821,0.113311,0.051666,0.117296,0.274369,0.997467,0.780522,0.997938,0.492236,0.811026,0.491161,0.810555,0.779447,0.975174,0.769773,0.974702,0.481488,0.833966,0.482297,0.834438,0.770583,0.679155,0.307672,0.676431,0.455665,0.564999,0.453614,0.567724,0.305621,0.621158,0.042579,0.625143,0.265282,0.829018,0.261634,0.825033,0.038931,0.273512,0.256001,0.272963,0.077263,0.211604,0.077451,0.212152,0.256190,0.805239,0.499837,0.675662,0.497451,0.522722,0.227704,0.523475,0.004916,0.439270,0.004658,0.438517,0.227446,0.242238,0.072516,0.242921,0.295254,0.616449,0.294108,0.615766,0.071370,0.512268,0.037853,0.509791,0.260578,0.882537,0.264722,0.885013,0.041997,0.796063,0.998250,0.799821,0.794124,1.003532,0.797874,0.999773,1.002000,0.999294,0.781776,0.998823,0.493489,0.809711,0.494577,0.810182,0.782864,0.965239,0.769837,0.965710,0.481551,0.838170,0.480817,0.837698,0.769103,0.669242,0.846129,0.666486,0.995864,0.565501,0.994005,0.568258,0.844270,0.272693,0.257942,0.275169,0.035217,0.090391,0.033163,0.087914,0.255888,0.670236,0.792154,0.799813,0.794539,0.402080,0.025407,0.401275,0.287859,0.517654,0.288216,0.518460,0.025764,0.413473,0.289814,0.479867,0.290017,0.480550,0.067280,0.414155,0.067076,0.451635,0.224152,0.524751,0.224377,0.525504,0.001589,0.452388,0.001365,0.639378,0.496783,0.633952,0.791486,0.027189,0.982949,0.533572,0.982354,0.530877,0.326725,0.024494,0.327320,0.705952,0.254675,0.705709,0.075935]],