{
    "vertices": [1.5326,-0.619629,-9.59925,1.5326,1.42357,-9.59925,1.5326,-0.61963,-13.3648,1.5326,1.42357,-13.3648,5.29812,-0.619629,-9.59925,5.29812,1.42357,-9.59925,5.29812,-0.61963,-13.3648,5.29812,1.42357,-13.3648],
    "uvs": [],
    "faces": [33,2,0,1,3,0,1,2,3,33,3,7,6,2,3,4,5,0,33,7,5,4,6,4,6,7,5,33,0,4,5,1,1,7,6,2,33,0,2,6,4,1,0,5,7,33,5,7,3,1,6,4,3,2,32,3,2,7,3,0,4,32,7,6,2,4,5,0,32,0,1,2,1,2,0,32,1,0,5,2,1,6,32,7,3,1,4,3,2,32,1,7,2,2,4,0],
    "normals": [-0.848262,-0.16245,-0.503983,-0.71453,-0.35725,0.601459,-0.592273,0.59978,0.538011,-0.447188,0.894406,0,0.28489,0.739189,-0.610248,0.408246,-0.408246,-0.816492,0.517533,0.517533,0.681356,0.577349,-0.577349,0.577349],
    "name": "Cube.006Geometry.1",
    "metadata": {
        "version": 3,
        "type": "Geometry",
        "uvs": 0,
        "faces": 12,
        "normals": 8,
        "vertices": 8,
        "generator": "io_three"
    }
}