{

    "metadata" :
    {
        "formatVersion" : 3,
        "generatedBy"   : "Blender 2.63 Exporter",
        "vertices"      : 32,
        "faces"         : 30,
        "normals"       : 9,
        "colors"        : 0,
        "uvs"           : 0,
        "materials"     : 1,
        "morphTargets"  : 0
    },

    "scale" : 1.000000,

    "materials": [	{
	"DbgColor" : 15658734,
	"DbgIndex" : 0,
	"DbgName" : "north campus",
	"blending" : "NormalBlending",
	"colorAmbient" : [0.0, 0.0, 0.0],
	"colorDiffuse" : [0.40960002555847197, 0.17400632163891672, 0.0],
	"colorSpecular" : [0.125, 0.125, 0.125],
	"depthTest" : true,
	"depthWrite" : true,
	"shading" : "Lambert",
	"specularCoef" : 50,
	"transparency" : 1.0,
	"transparent" : false,
	"vertexColors" : false
	}],

    "vertices": [7.461794,0.087686,-23.919809,7.205505,0.087686,-23.089180,6.374876,0.087686,-23.345469,6.631166,0.087686,-24.176098,7.461794,0.372066,-23.919809,7.205504,0.372066,-23.089180,6.374876,0.372066,-23.345469,6.631165,0.372066,-24.176098,6.631165,0.576885,-24.176098,6.374876,0.576885,-23.345469,7.205504,0.576885,-23.089180,7.461794,0.576885,-23.919809,7.159324,0.576885,-22.939510,6.328695,0.576885,-23.195799,7.159324,0.372066,-22.939510,6.328695,0.372066,-23.195799,7.353620,0.576885,-23.043480,7.609910,0.576885,-23.874109,7.353620,0.372066,-23.043480,7.609910,0.372066,-23.874109,6.222647,0.576885,-23.392439,6.478937,0.576885,-24.223068,6.222647,0.372066,-23.392439,6.478937,0.372066,-24.223068,7.520500,0.576885,-24.110073,7.520500,0.372066,-24.110073,6.689871,0.576885,-24.366362,6.689871,0.372066,-24.366362,7.205504,0.667636,-23.089180,7.461794,0.667636,-23.919809,6.374876,0.667636,-23.345469,6.631165,0.667636,-24.176098],

    "morphTargets": [],

    "normals": [0.721885,-0.577349,-0.381451,0.381451,-0.577349,0.721885,-0.721885,-0.577349,0.381451,-0.381451,-0.577349,-0.721885,0.381451,-0.577319,0.721885,0.381451,0.577349,0.721885,-0.721885,0.577349,0.381451,0.721885,0.577349,-0.381451,-0.381451,0.577349,-0.721885],

    "colors": [],

    "uvs": [[]],

    "faces": [35,0,1,2,3,0,0,1,2,3,35,0,4,5,1,0,0,0,4,1,35,1,5,6,2,0,1,4,2,2,35,2,6,7,3,0,2,2,3,3,35,4,0,3,7,0,0,0,3,3,35,10,9,13,12,0,5,6,6,5,35,5,10,12,14,0,4,5,5,1,35,9,6,15,13,0,6,2,2,6,35,6,5,14,15,0,2,4,1,2,35,15,14,12,13,0,2,1,5,6,35,11,10,16,17,0,7,5,5,7,35,10,5,18,16,0,5,4,1,5,35,4,11,17,19,0,0,7,7,0,35,5,4,19,18,0,4,0,0,1,35,18,19,17,16,0,1,0,7,5,35,9,8,21,20,0,6,8,8,6,35,6,9,20,22,0,2,6,6,2,35,8,7,23,21,0,8,3,3,8,35,7,6,22,23,0,3,2,2,3,35,23,22,20,21,0,3,2,6,8,35,11,4,25,24,0,7,0,0,7,35,8,11,24,26,0,8,7,7,8,35,7,8,26,27,0,3,8,8,3,35,4,7,27,25,0,0,3,3,0,35,25,27,26,24,0,0,3,8,7,35,10,11,29,28,0,5,7,7,5,35,9,10,28,30,0,6,5,5,6,35,8,9,30,31,0,8,6,6,8,35,11,8,31,29,0,7,8,8,7,35,29,31,30,28,0,7,8,6,5]



}
