{

    "metadata" :
    {
        "formatVersion" : 3,
        "generatedBy"   : "Blender 2.63 Exporter",
        "vertices"      : 119,
        "faces"         : 126,
        "normals"       : 101,
        "colors"        : 0,
        "uvs"           : 0,
        "materials"     : 1,
        "morphTargets"  : 0
    },

    "scale" : 1.000000,

    "materials": [	{
	"DbgColor" : 15658734,
	"DbgIndex" : 0,
	"DbgName" : "central",
	"blending" : "NormalBlending",
	"colorAmbient" : [0.0, 0.0, 0.0],
	"colorDiffuse" : [0.0, 0.2650020877272201, 0.40960002555847197],
	"colorSpecular" : [0.125, 0.125, 0.125],
	"depthTest" : true,
	"depthWrite" : true,
	"shading" : "Lambert",
	"specularCoef" : 50,
	"transparency" : 1.0,
	"transparent" : false,
	"vertexColors" : false
	}],

    "vertices": [-1.287500,0.058411,-3.068638,-1.287500,0.058411,-3.228889,-1.218109,0.058411,-3.188826,-1.218109,0.058411,-3.108701,-1.287500,0.058411,-3.148764,-1.287500,0.181133,-3.148764,-1.218109,0.181133,-3.108701,-1.218109,0.181133,-3.188826,-1.287500,0.181133,-3.228889,-1.287500,0.181133,-3.068638,-1.291653,0.183564,-3.059047,-1.291653,0.183564,-3.238481,-1.213956,0.183564,-3.193622,-1.213956,0.183564,-3.103905,-1.291653,0.183564,-3.148764,-1.288761,0.216252,-3.128995,-1.288799,0.216252,-3.168465,-1.352303,0.404869,-2.702153,-1.536871,0.404869,-2.702153,-1.304603,0.249637,-2.808826,-1.304603,0.312088,-2.765954,-1.304603,0.249637,-2.595482,-1.304603,0.312088,-2.638353,-1.594074,0.249637,-2.595482,-1.594074,0.312088,-2.638353,-1.594074,0.249637,-2.808826,-1.594074,0.312088,-2.765954,-1.581638,0.308113,-2.643835,-1.581638,0.308113,-2.760473,-1.317038,0.308113,-2.760473,-1.317038,0.308113,-2.643835,-1.592189,0.189083,-2.644437,-1.592218,0.189083,-2.723960,-1.590076,0.171622,-2.684173,-1.633123,0.171622,-2.752222,-1.633123,0.171622,-2.616126,-1.590076,0.171622,-2.617724,-1.590076,0.171622,-2.750623,-1.593152,0.169821,-2.743519,-1.593152,0.169821,-2.624828,-1.630047,0.169821,-2.623400,-1.630047,0.169821,-2.744947,-1.593152,0.169821,-2.684173,-1.593152,0.076815,-2.684173,-1.630047,0.076815,-2.744947,-1.630047,0.076815,-2.623400,-1.593152,0.076815,-2.624828,-1.593152,0.076815,-2.743519,-1.317038,0.076815,-2.799661,-1.317038,0.076815,-2.604646,-1.581638,0.076815,-2.604646,-1.581638,0.076815,-2.799661,-1.317038,0.253613,-2.799661,-1.317038,0.253613,-2.604646,-1.581638,0.253613,-2.604646,-1.581638,0.253613,-2.799661,-1.697069,0.076815,-3.084268,-1.697069,0.076815,-2.965578,-1.748463,0.076815,-2.995250,-1.748463,0.076815,-3.054596,-1.697069,0.076815,-3.024923,-1.697069,0.169821,-3.024923,-1.748463,0.169821,-3.054596,-1.748463,0.169821,-2.995250,-1.697069,0.169821,-2.965578,-1.697069,0.169821,-3.084268,-1.693992,0.171622,-3.091372,-1.693992,0.171622,-2.958474,-1.751539,0.171622,-2.991699,-1.751539,0.171622,-3.058148,-1.693992,0.171622,-3.024923,-1.696134,0.195832,-3.039565,-1.696106,0.195832,-3.010332,-1.695164,0.197847,-3.290755,-1.695195,0.197847,-3.321020,-1.645345,0.076815,-3.231074,-1.645345,0.076815,-3.100049,-1.755244,0.076815,-3.100049,-1.755244,0.076815,-3.231074,-1.645345,0.437755,-3.231074,-1.645345,0.437755,-3.100049,-1.755244,0.437755,-3.100049,-1.755244,0.437755,-3.231074,-1.760145,0.433428,-3.235058,-1.760145,0.433428,-3.094571,-1.642310,0.433428,-3.094571,-1.642310,0.433428,-3.235058,-1.701227,0.577538,-3.164814,-1.692977,0.172783,-3.305861,-1.752555,0.172783,-3.340259,-1.752555,0.172783,-3.271464,-1.692977,0.172783,-3.237067,-1.692977,0.172783,-3.374656,-1.696162,0.170918,-3.367302,-1.696162,0.170918,-3.244422,-1.749370,0.170918,-3.275141,-1.749370,0.170918,-3.336582,-1.696162,0.170918,-3.305861,-1.696162,0.076815,-3.305861,-1.749370,0.076815,-3.336582,-1.749370,0.076815,-3.275141,-1.696162,0.076815,-3.244422,-1.696162,0.076815,-3.367302,-1.652721,0.409389,-3.340289,-1.652721,0.409389,-2.975933,-1.347112,0.409389,-2.975932,-1.347112,0.409389,-3.340289,-1.285714,0.310368,-3.413491,-1.285713,0.310368,-2.902730,-1.714120,0.310368,-2.902731,-1.714120,0.310368,-3.413491,-1.696303,0.322677,-3.398227,-1.696303,0.322677,-2.921865,-1.296749,0.322677,-2.921865,-1.296749,0.322677,-3.398227,-1.696303,0.076815,-3.398227,-1.696303,0.076815,-2.921865,-1.296749,0.076815,-2.921865,-1.296749,0.076815,-3.398227],

    "morphTargets": [],

    "normals": [-0.415998,-0.554674,-0.720573,0.686239,-0.609973,-0.396191,-0.707083,-0.707083,0.000000,0.686239,-0.609973,0.396191,-0.415998,-0.554674,0.720573,-0.315378,-0.860897,0.399213,-0.867519,-0.497391,0.000000,-0.315409,-0.860897,-0.399182,0.683218,-0.647298,0.337901,0.683218,-0.647328,-0.337870,-0.404431,-0.080142,-0.911008,0.859493,-0.007691,-0.511063,0.859584,-0.007721,0.510910,-0.404553,-0.080264,0.910977,-0.888485,-0.458876,0.000183,-0.484207,0.863430,-0.141514,-0.483352,0.863796,0.142125,-0.597003,-0.031709,-0.801599,-0.299814,0.953978,0.000000,0.336039,0.941832,0.000000,0.583056,-0.069247,-0.809442,-0.596973,-0.031709,0.801599,0.583026,-0.069247,0.809473,0.757286,0.439985,0.482559,-0.757286,0.439985,0.482559,-0.757286,0.439985,-0.482559,0.757286,0.439985,-0.482559,-0.224586,0.605396,-0.763543,0.224586,0.605396,-0.763543,0.224586,0.605396,0.763543,-0.224586,0.605396,0.763543,0.654317,-0.044649,-0.754875,0.654317,-0.044649,0.754875,-0.654317,-0.044649,0.754875,-0.654317,-0.044649,-0.754875,0.595935,-0.152165,-0.788476,0.482589,0.863460,-0.146641,0.896054,-0.443861,-0.000153,-0.687277,-0.040254,-0.725242,0.595721,-0.151921,0.788659,0.483413,0.863033,0.146367,-0.687307,-0.040254,0.725211,0.867519,-0.497360,0.000000,0.542100,-0.755333,-0.368175,0.542100,-0.755333,0.368175,-0.516190,-0.771233,-0.372387,-0.516190,-0.771264,0.372387,-0.567034,-0.575335,0.589404,0.587329,-0.579394,0.565050,-0.567034,-0.575335,-0.589404,0.587329,-0.579394,-0.565050,0.707083,-0.707083,0.000000,-0.577349,-0.577349,0.577349,-0.577349,-0.577349,-0.577349,0.577349,-0.577349,-0.577349,0.577349,-0.577349,0.577349,0.415998,-0.554674,0.720573,-0.686239,-0.609973,0.396191,-0.686239,-0.609973,-0.396191,0.415998,-0.554674,-0.720573,0.315378,-0.860897,-0.399182,0.867489,-0.497391,0.000000,0.315348,-0.860897,0.399213,-0.683187,-0.647328,-0.337870,-0.683187,-0.647328,0.337901,0.404462,-0.080142,0.911008,-0.859493,-0.007691,0.511032,-0.859584,-0.007752,-0.510910,0.404553,-0.080264,-0.910977,0.888455,-0.458907,-0.000183,0.484176,0.863430,0.141514,0.483352,0.863796,-0.142125,0.404584,-0.080264,-0.910947,-0.859584,-0.007721,-0.510910,0.484207,0.863399,0.141514,-0.859493,-0.007691,0.511063,-0.091311,-0.995514,-0.024232,-0.125889,-0.985229,0.115818,-0.020325,-0.997742,0.063662,-0.053987,-0.998047,0.030610,-0.540635,-0.552507,-0.634358,0.586352,-0.586230,-0.559008,-0.587420,-0.533219,0.608722,0.627918,-0.555773,0.544786,0.000000,1.000000,0.000000,0.315348,-0.860897,-0.399213,0.315378,-0.860897,0.399213,-0.683187,-0.647328,-0.337901,0.416028,-0.554674,0.720573,0.393567,0.847865,-0.355205,-0.393567,0.847865,-0.355205,-0.393567,0.847865,0.355205,0.393567,0.847865,0.355205,0.640980,-0.482803,-0.596637,-0.579485,-0.451338,-0.678549,-0.615558,-0.438429,0.654836,0.668844,-0.461104,0.583087,-0.070681,-0.987365,0.141636,-0.048341,-0.995392,-0.082614,-0.070254,-0.992950,0.095279,-0.091067,-0.995270,-0.033692],

    "colors": [],

    "uvs": [[]],