{

    "metadata" :
    {
        "formatVersion" : 3,
        "generatedBy"   : "Blender 2.63 Exporter",
        "vertices"      : 66,
        "faces"         : 60,
        "normals"       : 53,
        "colors"        : 0,
        "uvs"           : 0,
        "materials"     : 0,
        "morphTargets"  : 0
    },

    "scale" : 1.000000,

    "materials": [],

    "vertices": [-1.509716,0.005538,0.976676,-1.509716,1.077123,0.976676,-1.495065,0.005538,1.716095,-1.495065,1.077123,1.716095,-1.559220,1.077123,1.718238,-2.413765,1.077123,1.745231,-2.413765,0.005538,1.745231,-1.559220,0.005538,1.718238,-1.084115,0.451606,3.794556,-1.084115,0.451606,4.617425,-1.498442,0.451606,4.617425,-1.498442,0.451606,3.794556,-1.498442,0.451606,3.364790,-1.084115,0.451606,3.364790,-0.967388,0.451606,3.364790,-0.967388,0.451606,3.794556,-0.967388,0.077381,3.794556,-0.967388,0.077381,3.364790,-1.084115,0.077381,3.364790,-1.498442,0.077381,3.364790,-1.498442,0.077381,3.794556,-1.498442,0.077381,4.617425,-1.084115,0.077381,4.617425,-1.084115,0.077381,3.794556,-1.961219,0.672094,4.703295,-1.961219,0.672094,3.381749,-1.549002,0.672094,3.381749,-1.549001,0.672094,4.703291,-1.549002,0.564173,3.381749,-1.549001,0.564173,4.703291,-1.242900,0.564173,3.381750,-1.242900,0.564173,4.703295,-1.961219,0.564173,4.703295,-1.961219,0.564173,3.381749,-1.242900,0.490839,4.703295,-1.549001,0.490839,4.703291,-2.373437,0.490839,4.703295,-1.961219,0.490839,4.703295,-1.242900,0.490839,3.381750,-1.549002,0.490839,3.381749,-2.373436,0.490839,3.381750,-1.961219,0.490839,3.381749,-1.961219,0.072536,3.381749,-1.549002,0.072536,3.381749,-1.961219,0.072536,4.703295,-1.549001,0.072536,4.703291,-2.373436,0.072536,3.381750,-2.373437,0.072536,4.703295,-1.242900,0.072536,4.703295,-1.242900,0.072536,3.381750,-1.573871,1.077123,0.978819,-2.428416,1.077123,1.005812,-2.428416,0.005538,1.005812,-1.573871,0.005538,0.978819,-1.538451,0.005538,2.766440,-2.392996,0.005538,2.793432,-2.392996,1.077123,2.793432,-1.538451,1.077123,2.766440,-1.478953,0.826164,2.776446,-1.468149,0.826164,3.953529,-2.068055,0.826164,3.984883,-2.068055,0.826164,2.783844,-2.068055,0.053600,2.783844,-2.068055,0.053600,3.984883,-1.468149,0.053600,3.953529,-1.478953,0.053600,2.776446],

    "morphTargets": [],

    "normals": [0.592120,-0.578051,0.561418,0.562120,-0.576617,-0.592853,0.562120,0.576617,-0.592853,0.592120,0.578051,0.561418,-0.022950,-0.707297,-0.706504,-0.022950,0.707297,-0.706504,0.311838,-0.902921,0.295694,0.311838,0.902921,0.295694,-0.591662,0.577960,-0.561998,-0.706961,0.707083,0.013977,0.595172,0.582354,0.553697,-0.562853,0.578936,0.589862,0.599658,-0.615680,0.511185,-0.591662,-0.577960,-0.561998,-0.706961,-0.707083,0.013977,-0.561968,-0.579882,0.589801,0.577349,0.577349,0.577349,0.577349,0.577349,-0.577349,0.000000,0.707083,-0.707083,0.301492,0.904508,0.301492,-0.577349,0.577349,-0.577349,-0.707083,0.707083,0.000000,-0.577349,0.577349,0.577349,0.577349,-0.577349,0.577349,-0.577349,-0.577349,0.577349,0.301492,-0.904508,0.301492,-0.707083,-0.707083,0.000000,-0.577349,-0.577349,-0.577349,0.000000,-0.707083,-0.707083,0.577349,-0.577349,-0.577349,-0.577319,0.577349,0.577349,0.577349,0.577349,0.577319,-0.707083,0.000000,0.707083,-0.707083,0.000000,-0.707083,0.301492,0.301492,0.904508,0.301492,0.301492,-0.904508,0.577319,0.577349,0.577349,-0.301492,0.301492,-0.904508,0.000000,0.000000,-1.000000,0.707083,0.000000,-0.707083,0.000000,0.000000,1.000000,-0.301492,0.301492,0.904508,0.707083,0.000000,0.707083,0.577319,-0.577349,0.577349,0.000000,-0.707083,0.707083,-0.275430,-0.357341,0.892422,0.657460,-0.548997,-0.516068,-0.278603,0.314188,0.907529,0.685018,0.523453,-0.506638,-0.563372,0.574633,0.593585,0.593585,0.579638,0.558214,0.593585,-0.579638,0.558214,-0.563372,-0.574633,0.593585],

    "colors": [],

    "uvs": [[]],

    "faces": [33,2,0,1,3,0,1,2,3,33,1,0,53,50,2,1,4,5,33,0,2,7,53,1,0,6,4,33,50,4,3,1,5,7,3,2,33,4,7,2,3,7,6,0,3,33,4,50,51,5,7,5,8,9,33,57,4,5,56,10,7,9,11,33,54,7,4,57,12,6,7,10,33,5,51,52,6,9,8,13,14,33,56,5,6,55,11,9,14,15,33,6,52,53,7,14,13,4,6,33,55,6,7,54,15,14,6,12,33,15,14,13,8,16,17,18,19,33,13,12,11,8,18,20,21,19,33,8,11,10,9,19,21,22,16,33,22,9,10,21,23,16,22,24,33,23,8,9,22,25,19,16,23,33,21,10,11,20,24,22,21,26,33,19,12,13,18,27,20,18,28,33,20,11,12,19,26,21,20,27,33,16,15,8,23,23,16,19,25,33,17,14,15,16,29,17,16,23,33,18,13,14,17,28,18,17,29,33,18,17,16,23,28,29,23,25,33,20,19,18,23,26,27,28,25,33,21,20,23,22,24,26,25,23,33,24,27,26,25,30,31,17,20,33,32,24,25,33,32,30,20,33,33,29,27,24,32,34,31,30,32,33,33,25,26,28,33,20,17,35,33,28,26,27,29,35,17,31,34,33,29,31,30,28,34,36,17,35,33,41,33,28,39,37,33,35,38,33,39,28,30,38,38,35,17,39,33,35,29,32,37,40,34,32,41,33,34,31,29,35,42,36,34,40,33,38,30,31,34,39,17,36,42,33,37,32,33,41,41,32,33,37,33,36,37,41,40,22,41,37,20,33,49,38,34,48,29,39,42,43,33,47,36,40,46,24,22,20,27,33,48,34,35,45,43,42,40,44,33,45,35,37,44,44,40,41,44,33,44,37,36,47,44,41,22,24,33,43,39,38,49,28,38,39,29,33,42,41,39,43,28,37,38,28,33,46,40,41,42,27,20,37,28,33,45,43,49,48,44,28,29,43,33,44,42,43,45,44,28,28,44,33,47,46,42,44,24,27,28,44,33,52,51,50,53,13,8,5,4,33,62,55,54,65,45,15,12,46,33,61,56,55,62,47,11,15,45,33,65,54,57,58,46,12,10,48,33,58,57,56,61,48,10,11,47,33,58,61,60,59,48,47,49,50,33,64,59,60,63,51,50,49,52,33,65,58,59,64,46,48,50,51,33,63,60,61,62,52,49,47,45,33,63,62,65,64,52,45,46,51]



}
