{

    "metadata" :
    {
        "formatVersion" : 3,
        "generatedBy"   : "Blender 2.63 Exporter",
        "vertices"      : 92,
        "faces"         : 88,
        "normals"       : 65,
        "colors"        : 0,
        "uvs"           : 208,
        "materials"     : 1,
        "morphTargets"  : 0
    },

    "scale" : 1.000000,

    "materials": [	{
	"DbgColor" : 15658734,
	"DbgIndex" : 0,
	"DbgName" : "mcgraw_uris",
	"blending" : "NormalBlending",
	"colorAmbient" : [0.0, 0.0, 0.0],
	"colorDiffuse" : [0.40960002555847197, 0.00792744395028716, 0.0],
	"colorSpecular" : [0.125, 0.125, 0.125],
	"depthTest" : true,
	"depthWrite" : true,
	"mapDiffuse" : "mcgraw_uris.png",
	"mapDiffuseWrap" : ["repeat", "repeat"],
	"shading" : "Lambert",
	"specularCoef" : 50,
	"transparency" : 1.0,
	"transparent" : false,
	"vertexColors" : false
	}],

    "vertices": [-8.358051,0.333756,-1.992939,-8.396319,0.296829,-2.085326,-8.319781,0.296829,-2.085327,-8.265662,0.296829,-2.031207,-8.265663,0.296829,-1.954670,-8.319781,0.296829,-1.900551,-8.396320,0.296829,-1.900550,-8.450438,0.296829,-1.954670,-8.450437,0.296829,-2.031207,-8.358051,0.018151,-1.992939,-8.450437,0.018151,-2.031207,-8.450438,0.018151,-1.954670,-8.396320,0.018151,-1.900550,-8.319781,0.018151,-1.900551,-8.265663,0.018151,-1.954670,-8.265662,0.018151,-2.031207,-8.319781,0.018151,-2.085327,-8.396319,0.018151,-2.085326,-7.935780,0.018151,-2.229907,-8.355462,0.018151,-2.229906,-7.935780,0.335027,-2.229907,-8.355462,0.335027,-2.229906,-8.145620,0.471795,-2.137240,-7.935779,0.018151,-1.671775,-8.355462,0.018151,-1.671775,-7.935779,0.335027,-1.671775,-8.355462,0.335027,-1.671775,-8.145620,0.471795,-1.609826,-8.072522,0.471795,-1.608000,-8.212662,0.335027,-1.671775,-7.932383,0.335027,-1.671775,-8.212662,0.018151,-1.653515,-7.932383,0.018151,-1.653515,-7.959892,0.317004,-2.092406,-7.959892,0.317004,-1.923388,-7.895709,0.317004,-1.923388,-7.895709,0.317004,-2.092406,-7.959892,0.018151,-2.092406,-7.959892,0.018151,-1.923388,-7.895709,0.018151,-1.923388,-7.895709,0.018151,-2.092406,-8.072522,0.471795,-1.133001,-8.212662,0.335027,-1.133001,-7.932383,0.335027,-1.133001,-8.212662,0.018151,-1.133001,-7.932383,0.018151,-1.133001,-7.948985,0.311516,-1.598085,-7.543361,0.311516,-1.598085,-7.948985,0.018151,-1.598085,-7.543361,0.018151,-1.598085,-7.948985,0.018151,-1.917250,-7.948984,0.018151,-1.278918,-7.543361,0.018151,-1.278919,-7.543361,0.018151,-1.917250,-7.948985,0.018151,-1.917250,-7.948984,0.018151,-1.278918,-7.543361,0.018151,-1.278919,-7.543361,0.018151,-1.917250,-8.643799,0.018151,-1.733777,-8.643799,0.018151,-1.485948,-8.643799,0.018151,-1.609862,-8.643799,0.329723,-1.609862,-8.643799,0.329723,-1.485948,-8.643799,0.329723,-1.733777,-8.643799,0.471924,-1.609862,-7.520966,0.471924,-1.609862,-7.520966,0.329723,-1.733777,-7.413653,0.329723,-1.671820,-7.413653,0.329723,-1.547905,-7.520966,0.329723,-1.485948,-7.520966,0.018151,-1.609862,-7.520966,0.018151,-1.485948,-7.413653,0.018151,-1.547905,-7.413653,0.018151,-1.671820,-7.520966,0.018151,-1.733777,-7.500501,2.550858,-1.157113,-7.688117,1.933488,-1.338779,-7.688117,1.933488,-0.975447,-7.312888,1.933488,-0.975447,-7.312887,1.933488,-1.338779,-7.688116,0.018151,-1.338779,-7.688117,0.018151,-0.975447,-7.312887,0.018151,-0.975447,-7.312887,0.018151,-1.338779,-7.998418,0.018151,-1.636099,-7.998418,0.018151,-1.141412,-8.638393,0.018151,-1.141412,-8.638392,0.018151,-1.636099,-7.998418,0.329885,-1.636099,-7.998419,0.329885,-1.141412,-8.638393,0.329885,-1.141412,-8.638393,0.329885,-1.636098],

    "morphTargets": [],

    "normals": [-0.792352,0.514237,-0.328196,0.000000,1.000000,0.000000,-0.328196,0.514237,-0.792322,-0.792352,0.514237,0.328166,-0.328196,0.514237,0.792352,0.328196,0.514237,0.792322,0.792352,0.514237,0.328196,0.792352,0.514237,-0.328196,0.328196,0.514237,-0.792352,-0.297098,-0.630238,-0.717277,0.297098,-0.630238,-0.717277,0.717277,-0.630238,-0.297098,0.717277,-0.630238,0.297098,0.297098,-0.630238,0.717277,-0.297098,-0.630238,0.717277,-0.717277,-0.630238,0.297067,-0.717277,-0.630238,-0.297098,0.000000,-1.000000,0.000000,-0.577349,-0.577349,-0.577349,-0.660695,0.411847,-0.627552,0.660695,0.411847,-0.627552,0.577349,-0.577349,-0.577349,0.000000,0.942961,-0.332835,-0.707083,-0.707083,0.000000,0.707083,-0.707083,0.000000,0.860042,0.510178,0.000000,-0.860042,0.510178,0.000000,0.716208,0.301767,0.629231,0.936003,0.351939,0.000000,0.000000,0.815577,0.578631,-0.936003,0.351939,0.000000,-0.716208,0.301767,0.629231,-0.719687,-0.694266,0.000000,-0.577349,-0.577349,0.577349,0.577349,-0.577349,0.577349,0.719687,-0.694266,0.000000,-0.577349,0.577349,-0.577349,0.577349,0.577349,-0.577349,-0.577349,0.577349,0.577349,0.577349,0.577349,0.577349,-0.581896,0.813227,0.000000,-0.707083,0.520585,-0.478500,-0.707083,0.520585,0.478500,0.581896,0.813227,0.000000,0.707083,0.520585,0.478500,0.707083,0.520585,-0.478500,-0.636006,0.270669,0.722617,-0.570452,0.821314,0.000000,-1.000000,0.000000,0.000000,-0.636006,0.270669,-0.722617,0.195959,-0.653218,-0.731346,0.195959,-0.653218,0.731346,0.235450,0.327128,0.915159,0.235450,0.327128,-0.915159,0.310312,0.950621,0.000000,0.820856,0.318644,0.473922,0.820856,0.318644,-0.473922,0.686239,-0.609973,-0.396191,0.686239,-0.609973,0.396191,0.695822,0.183233,0.694418,0.695822,0.183233,-0.694418,0.000000,0.999969,0.000000,-0.695822,0.183233,0.694418,-0.695822,0.183233,-0.694418,-0.577319,-0.577349,-0.577349],

    "colors": [],