{

    "metadata" :
    {
        "formatVersion" : 3,
        "generatedBy"   : "Blender 2.63 Exporter",
        "vertices"      : 128,
        "faces"         : 140,
        "normals"       : 78,
        "colors"        : 0,
        "uvs"           : 0,
        "materials"     : 1,
        "morphTargets"  : 0
    },

    "scale" : 1.000000,

    "materials": [	{
	"DbgColor" : 15658734,
	"DbgIndex" : 0,
	"DbgName" : "north campus",
	"blending" : "NormalBlending",
	"colorAmbient" : [0.0, 0.0, 0.0],
	"colorDiffuse" : [0.40960002555847197, 0.17400632163891672, 0.0],
	"colorSpecular" : [0.125, 0.125, 0.125],
	"depthTest" : true,
	"depthWrite" : true,
	"shading" : "Lambert",
	"specularCoef" : 50,
	"transparency" : 1.0,
	"transparent" : false,
	"vertexColors" : false
	}],

    "vertices": [3.000137,0.404783,-19.949045,3.809945,0.404783,-20.834469,2.784057,0.404783,-20.146671,3.593865,0.404783,-21.032095,2.581146,0.404783,-19.924814,3.796776,0.404783,-21.253952,2.797226,0.404783,-19.727188,4.012856,0.404783,-21.056326,2.581146,0.055577,-19.924816,3.796775,0.055577,-21.253952,2.797226,0.055577,-19.727188,4.012856,0.055577,-21.056326,2.538550,0.055577,-19.963772,3.754180,0.055577,-21.292912,2.538550,0.404783,-19.963772,3.754180,0.404783,-21.292912,2.741461,0.404783,-20.185631,3.551269,0.404783,-21.071053,2.741461,0.055578,-20.185631,3.551269,0.055577,-21.071053,3.017307,0.055577,-19.525902,4.232937,0.055577,-20.855040,3.017307,0.404783,-19.525902,4.232937,0.404783,-20.855040,3.220218,0.404783,-19.747759,4.030027,0.404783,-20.633183,3.220218,0.055578,-19.747759,4.030026,0.055578,-20.633183,3.429650,0.055578,-19.556211,4.239460,0.055578,-20.441635,3.429650,0.404783,-19.556211,4.239460,0.404783,-20.441635,3.226739,0.404783,-19.334354,4.442370,0.404783,-20.663492,3.226740,0.055577,-19.334354,4.442370,0.055577,-20.663492,3.465363,0.404783,-19.595257,4.203747,0.404783,-20.402588,3.465363,0.055578,-19.595257,4.203747,0.055578,-20.402588,3.255930,0.055578,-19.786804,3.994315,0.055578,-20.594135,3.255930,0.404783,-19.786804,3.994315,0.404783,-20.594135,3.024271,0.055577,-19.112980,4.644838,0.055577,-20.884867,3.024271,0.404783,-19.112980,4.644838,0.404782,-20.884867,2.814838,0.404782,-19.304527,4.435406,0.404782,-21.076412,2.814838,0.055577,-19.304527,4.435406,0.055577,-21.076412,2.774345,0.055577,-19.260252,4.475899,0.055577,-21.120687,2.774344,0.404782,-19.260252,4.475900,0.404782,-21.120687,2.983777,0.404782,-19.068705,4.685332,0.404782,-20.929142,2.983777,0.055577,-19.068705,4.685332,0.055577,-20.929142,3.361493,0.404783,-18.804556,4.982062,0.404782,-20.576443,3.361493,0.055577,-18.804556,4.982062,0.055577,-20.576443,3.563962,0.055577,-19.025928,4.779593,0.055577,-20.355068,3.563962,0.404783,-19.025928,4.779593,0.404783,-20.355068,3.785336,0.404783,-18.823460,5.000967,0.404783,-20.152599,3.785336,0.055577,-18.823460,5.000967,0.055577,-20.152599,3.582867,0.055577,-18.602087,5.203436,0.055577,-20.373974,3.582866,0.404783,-18.602087,5.203436,0.404782,-20.373974,3.543909,0.404783,-18.559490,5.242394,0.404782,-20.416571,3.543909,0.055577,-18.559490,5.242394,0.055577,-20.416571,3.322535,0.055577,-18.761959,5.021020,0.055577,-20.619038,3.322535,0.404783,-18.761959,5.021020,0.404782,-20.619040,4.034321,0.055578,-19.095694,4.751983,0.055578,-19.880365,4.034321,0.404783,-19.095694,4.751984,0.404783,-19.880365,3.812947,0.404783,-19.298162,4.530609,0.404783,-20.082834,3.812947,0.055578,-19.298162,4.530609,0.055578,-20.082834,3.000137,0.055578,-19.949045,3.809945,0.055577,-20.834469,2.784057,0.055578,-20.146671,3.593865,0.055577,-21.032095,3.923634,0.606261,-19.196928,4.641296,0.606261,-19.981600,3.433222,0.606260,-18.660725,5.131707,0.606260,-20.517805,3.573414,0.606260,-18.814007,4.991515,0.606260,-20.364521,2.879061,0.606260,-19.164478,4.580616,0.606260,-21.024914,3.360646,0.606261,-19.691031,4.099031,0.606261,-20.498362,3.020789,0.606260,-19.319441,4.438888,0.606260,-20.869953,2.640005,0.606261,-20.074701,3.652725,0.606260,-21.181982,2.790641,0.606261,-19.936930,3.803360,0.606260,-21.044210,3.223479,0.606236,-19.541056,4.236198,0.606236,-20.648336,3.462249,0.126143,-20.445597,3.480721,0.126137,-20.387043,3.467441,0.126104,-20.327097,3.425967,0.126052,-20.281824,3.367413,0.125996,-20.263351,3.307468,0.125951,-20.276632,3.384858,0.126047,-20.361115,3.387695,0.113447,-20.357698,3.310305,0.113350,-20.273216,3.370250,0.113396,-20.259935,3.428804,0.113452,-20.278408,3.470277,0.113504,-20.323681,3.483557,0.113537,-20.383627,3.465085,0.113543,-20.442181],

    "morphTargets": [],

    "normals": [-0.018983,-0.904508,-0.425947,0.425977,-0.904508,-0.018983,-0.477218,-0.707083,0.521775,-0.477187,-0.707083,0.521775,0.477218,-0.707083,-0.521775,0.018983,-0.904508,0.425977,-0.425947,-0.904508,0.018983,-0.640492,0.315043,0.700308,-0.640522,0.315043,0.700339,0.640522,0.315043,-0.700308,-0.964934,0.241371,0.102908,-0.815668,-0.577319,0.036378,0.016602,0.241371,-0.970275,-0.036348,-0.577319,-0.815668,-0.815668,-0.577349,0.036378,-0.043001,0.475539,-0.878628,-0.878964,0.475539,0.035371,-0.018983,-0.904508,-0.425977,-0.425977,-0.904508,0.018983,-0.881893,0.470351,0.031068,-0.047548,0.470351,-0.881161,0.878964,0.475539,-0.035371,0.043001,0.475539,0.878628,0.521775,-0.707083,0.477218,0.703421,0.302011,0.643391,0.882077,0.469985,-0.031404,0.047212,0.469985,0.881375,0.703452,0.302011,0.643330,-0.036348,-0.577349,-0.815668,0.815668,-0.577349,-0.036348,0.036378,-0.577349,0.815668,0.972869,0.230781,0.015687,0.102237,0.230781,0.967589,-0.102206,0.230781,-0.967589,-0.972869,0.230781,-0.015656,0.018983,-0.904508,0.425947,-0.521775,-0.707083,-0.477218,-0.703452,0.302011,-0.643361,-0.036378,-0.577349,-0.815668,0.815668,-0.577349,-0.036378,0.047243,0.469985,0.881375,0.102206,0.230781,0.967589,0.972869,0.230781,0.015656,0.882107,0.469985,-0.031404,-0.876827,0.479171,0.039094,-0.039094,0.479171,-0.876827,0.700430,0.314524,0.640614,0.102878,0.240974,0.965056,0.970367,0.240974,0.016541,-0.970367,0.240974,-0.016541,-0.102878,0.240974,-0.965056,0.143925,0.980773,0.131626,0.380352,0.826044,-0.415845,-0.380352,0.826044,0.415845,-0.151860,0.978576,-0.138920,-0.151891,0.978576,-0.138890,-0.378887,0.827540,0.414258,0.378887,0.827540,-0.414258,0.378857,0.827540,-0.414228,-0.378857,0.827540,0.414228,-0.129154,0.981506,0.141240,-0.415906,0.825983,-0.380413,0.129185,0.981506,-0.141240,0.152104,0.978515,0.139103,-0.004852,-0.748070,-0.663564,0.863582,-0.486435,-0.132481,0.601611,-0.578784,0.550462,-0.337321,-0.771569,-0.539293,-0.579394,-0.763451,-0.285257,-0.686392,-0.724570,0.061892,-0.083041,-0.464827,0.881497,0.719321,0.577105,-0.386639,0.426313,0.815455,0.391461,-0.301370,0.611377,0.731651,-0.063204,0.545488,-0.835719,-0.462996,0.522691,-0.715781,-0.744194,0.530473,-0.405835,-0.822993,0.568011,0.001617],

    "colors": [],

    "uvs": [[]],