{

    "metadata" :
    {
        "formatVersion" : 3,
        "generatedBy"   : "Blender 2.63 Exporter",
        "vertices"      : 51,
        "faces"         : 52,
        "normals"       : 38,
        "colors"        : 0,
        "uvs"           : 0,
        "materials"     : 1,
        "morphTargets"  : 0
    },

    "scale" : 1.000000,

    "materials": [	{
	"DbgColor" : 15658734,
	"DbgIndex" : 0,
	"DbgName" : "north campus",
	"blending" : "NormalBlending",
	"colorAmbient" : [0.0, 0.0, 0.0],
	"colorDiffuse" : [0.40960002555847197, 0.17400632163891672, 0.0],
	"colorSpecular" : [0.125, 0.125, 0.125],
	"depthTest" : true,
	"depthWrite" : true,
	"shading" : "Lambert",
	"specularCoef" : 50,
	"transparency" : 1.0,
	"transparent" : false,
	"vertexColors" : false
	}],

    "vertices": [5.755155,0.026217,-17.934797,5.342103,0.026217,-17.445391,5.106534,0.026217,-17.644207,5.519586,0.026217,-18.133614,5.755155,0.636403,-17.934797,5.342103,0.636403,-17.445391,5.106534,0.636403,-17.644207,5.519586,0.636403,-18.133614,4.919343,0.636403,-17.422415,5.154912,0.636403,-17.223598,4.919343,0.026216,-17.422415,5.154912,0.026216,-17.223598,5.274562,0.026216,-17.122616,5.274562,0.636403,-17.122616,5.461752,0.636403,-17.344408,5.461752,0.026217,-17.344408,5.857470,0.636403,-18.533957,6.093038,0.636403,-18.335140,5.857470,0.026217,-18.533957,6.093039,0.026217,-18.335140,6.739007,0.026218,-19.100519,6.503438,0.026218,-19.299335,6.739007,0.636404,-19.100519,6.503438,0.636404,-19.299335,6.586342,0.636404,-19.505587,6.387525,0.636404,-19.270018,6.586342,0.026218,-19.505587,6.387525,0.026218,-19.270018,5.622146,0.026217,-19.915987,5.820963,0.026217,-20.151556,5.622146,0.636403,-19.915987,5.820963,0.636403,-20.151556,5.342103,0.278250,-17.445391,5.755155,0.278250,-17.934797,5.106534,0.278250,-17.644207,5.519586,0.278250,-18.133614,4.919343,0.278250,-17.422415,5.154912,0.278250,-17.223598,5.274562,0.278250,-17.122616,5.461752,0.278250,-17.344408,5.857470,0.278251,-18.533957,6.093038,0.278251,-18.335140,6.739007,0.278251,-19.100519,6.503438,0.278251,-19.299335,6.621222,0.858054,-19.199928,5.975254,0.858053,-18.434547,5.368157,0.858053,-17.233511,5.037128,0.858053,-17.323006,5.224318,0.858053,-17.544798,5.637370,0.858053,-18.034204,5.130723,0.858053,-17.433903],

    "morphTargets": [],

    "normals": [0.813562,-0.577349,-0.068819,0.424879,-0.904508,-0.035920,-0.540361,-0.707083,-0.456038,-0.068819,-0.577349,-0.813562,-0.456038,-0.707083,0.540361,-0.813562,-0.577349,0.068819,0.068819,-0.577349,0.813562,-0.535600,0.477950,-0.696158,0.776269,0.477950,0.411023,0.535600,0.477950,0.696158,-0.776269,0.477950,-0.411023,0.068819,0.577349,0.813562,0.813562,0.577349,-0.068819,-0.068819,0.577349,-0.813562,-0.813562,0.577349,0.068819,0.885708,-0.301492,0.352977,0.996429,0.000000,-0.084292,0.890744,0.446730,-0.083590,-0.764183,0.000000,-0.644948,-0.496750,-0.301492,-0.813807,-0.729179,0.299142,-0.615436,-0.996429,0.000000,0.084292,-0.973266,0.228462,0.023316,-0.644948,0.000000,0.764183,-0.573962,0.236610,0.783929,0.084292,0.000000,0.996429,0.024537,0.217627,0.975707,0.965972,0.217627,-0.139714,-0.885708,-0.301492,-0.352977,0.496750,-0.301492,0.813807,0.973266,0.228462,-0.023316,-0.084292,0.000000,-0.996429,-0.140507,0.228462,-0.963347,-0.361766,0.827845,0.428632,0.361766,0.827845,-0.428632,0.426984,0.829310,0.360363,0.000000,1.000000,0.000000,-0.145756,0.981628,-0.123020],

    "colors": [],

    "uvs": [[]],

    "faces": [35,0,1,2,3,0,0,1,2,3,35,2,1,11,10,0,2,1,4,5,35,11,1,15,12,0,4,1,0,6,35,7,4,17,16,0,7,8,9,10,35,19,18,21,20,0,6,5,3,0,35,25,27,26,24,0,11,6,0,12,35,29,31,24,26,0,3,13,12,0,35,30,28,27,25,0,14,5,6,11,35,31,30,25,24,0,13,14,11,12,35,28,29,26,27,0,5,3,0,6,35,28,30,31,29,0,5,14,13,3,35,0,33,32,1,0,0,15,16,1,35,33,4,5,32,0,15,8,17,16,35,2,34,35,3,0,2,18,19,3,35,34,6,7,35,0,18,20,7,19,35,6,34,36,8,0,20,18,21,22,35,34,2,10,36,0,18,2,5,21,35,11,37,36,10,0,4,23,21,5,35,37,9,8,36,0,23,24,22,21,35,9,37,38,13,0,24,23,25,26,35,37,11,12,38,0,23,4,6,25,35,1,32,39,15,0,1,16,16,0,35,32,5,14,39,0,16,17,27,16,35,15,39,38,12,0,0,16,25,6,35,39,14,13,38,0,16,27,26,25,35,35,7,16,40,0,19,7,10,28,35,4,33,41,17,0,8,15,29,9,35,17,41,42,22,0,9,29,16,30,35,41,19,20,42,0,29,6,0,16,35,18,40,43,21,0,5,28,31,3,35,40,16,23,43,0,28,10,32,31,35,22,42,43,23,0,30,16,31,32,35,42,20,21,43,0,16,0,3,31,35,18,19,41,40,0,5,6,29,28,35,33,35,40,41,0,15,19,28,29,35,0,3,35,33,0,0,3,19,15,35,23,16,45,44,0,32,10,33,34,34,22,23,44,0,30,32,34,35,17,22,44,45,0,9,30,34,33,34,16,17,45,0,10,9,33,34,13,14,46,0,26,27,35,34,8,9,47,0,22,24,33,34,4,7,49,0,8,7,34,35,7,6,48,49,0,7,20,36,34,35,5,4,49,48,0,17,8,34,36,34,50,6,8,0,37,20,22,34,47,50,8,0,33,37,22,34,50,48,6,0,37,36,20,35,9,13,46,50,0,24,26,35,37,34,9,50,47,0,24,37,33,35,5,50,46,14,0,17,37,35,27,34,5,48,50,0,17,36,37]



}
