{

    "metadata" :
    {
        "formatVersion" : 3,
        "generatedBy"   : "Blender 2.63 Exporter",
        "vertices"      : 167,
        "faces"         : 157,
        "normals"       : 73,
        "colors"        : 0,
        "uvs"           : 0,
        "materials"     : 1,
        "morphTargets"  : 0
    },

    "scale" : 1.000000,

    "materials": [	{
	"DbgColor" : 15658734,
	"DbgIndex" : 0,
	"DbgName" : "default",
	"vertexColors" : false
	}],

    "vertices": [2.198195,0.558706,0.857887,2.082583,0.558706,0.857887,2.082583,0.558706,0.926750,2.198195,0.558706,0.926750,2.198195,0.641088,0.926750,2.082583,0.641088,0.926750,2.082583,0.641088,0.857887,2.198195,0.641088,0.857887,2.159658,0.641088,0.926750,2.121119,0.641088,0.926750,2.121119,0.641088,0.857887,2.159658,0.641088,0.857887,2.159658,0.697508,0.926750,2.159658,0.697508,0.857887,2.121119,0.697508,0.926750,2.121119,0.697508,0.857887,2.198195,0.697508,0.857887,2.082583,0.697508,0.857887,2.082583,0.697508,0.926750,2.198195,0.697508,0.926750,2.198195,0.697508,-0.216581,2.082582,0.697508,-0.216581,2.082582,0.697508,-0.285444,2.198195,0.697508,-0.285444,2.121119,0.697508,-0.285444,2.121119,0.697508,-0.216581,2.159657,0.697508,-0.285444,2.159657,0.697508,-0.216581,2.159657,0.641088,-0.285444,2.121119,0.641088,-0.285444,2.121119,0.641088,-0.216581,2.159657,0.641088,-0.216581,2.198195,0.641088,-0.285444,2.082582,0.641088,-0.285444,2.082582,0.641088,-0.216581,2.198195,0.641088,-0.216581,2.198195,0.558706,-0.216581,2.082582,0.558706,-0.216581,2.082582,0.558706,-0.285444,2.198195,0.558706,-0.285444,2.136589,0.884193,0.325703,2.136589,0.871799,0.314537,2.144484,0.871799,0.317807,2.147755,0.871799,0.325703,2.144484,0.871799,0.333599,2.136589,0.871799,0.336870,2.128692,0.871799,0.333599,2.125422,0.871799,0.325703,2.128692,0.871799,0.317807,2.128692,0.830556,0.317807,2.125422,0.830556,0.325703,2.128692,0.830556,0.333599,2.136589,0.830556,0.336870,2.144484,0.830556,0.333599,2.147755,0.830556,0.325703,2.144484,0.830556,0.317807,2.136589,0.830556,0.314537,2.136589,0.804778,0.281804,2.167630,0.804778,0.294662,2.180488,0.804778,0.325703,2.167630,0.804778,0.356744,2.136589,0.804778,0.369602,2.105547,0.804778,0.356744,2.092690,0.804778,0.325703,2.105547,0.804778,0.294662,2.105547,0.673314,0.294662,2.092690,0.673314,0.325703,2.105547,0.673314,0.356744,2.136589,0.673314,0.369602,2.167630,0.673314,0.356744,2.180488,0.673314,0.325703,2.167630,0.673314,0.294662,2.136589,0.673314,0.281804,2.136589,0.639804,0.263866,2.180314,0.639804,0.281978,2.198426,0.639804,0.325703,2.180314,0.639804,0.369428,2.136589,0.639804,0.387540,2.092864,0.639804,0.369428,2.074752,0.639804,0.325703,2.092864,0.639804,0.281978,2.092864,0.562472,0.281978,2.074752,0.562472,0.325703,2.092864,0.562472,0.369428,2.136589,0.562472,0.387540,2.180314,0.562472,0.369428,2.198426,0.562472,0.325703,2.180314,0.562472,0.281978,2.136589,0.562472,0.263866,2.067686,0.411400,0.246183,2.067686,0.411400,0.358749,1.955121,0.411400,0.358749,1.955121,0.411400,0.246183,2.067686,0.463648,0.246183,2.067686,0.463648,0.358749,1.955121,0.463648,0.358749,1.955121,0.463648,0.246183,1.955121,0.551070,0.302466,2.067686,0.551070,0.302466,2.067686,0.551070,0.552466,1.955121,0.551070,0.552466,1.955121,0.463648,0.496182,1.955121,0.463648,0.608749,2.067686,0.463648,0.608749,2.067686,0.463648,0.496182,1.955121,0.411400,0.496182,1.955121,0.411400,0.608749,2.067686,0.411400,0.608749,2.067686,0.411400,0.496182,2.067686,0.411400,-0.003817,2.067686,0.411400,0.108749,1.955121,0.411400,0.108749,1.955121,0.411400,-0.003817,2.067686,0.463648,-0.003817,2.067686,0.463648,0.108749,1.955121,0.463648,0.108749,1.955121,0.463648,-0.003817,1.955121,0.551070,0.052466,2.067686,0.551070,0.052466,2.218125,0.551070,0.552466,2.330690,0.551070,0.552466,2.330690,0.463648,0.608749,2.330690,0.463648,0.496182,2.218125,0.463648,0.496182,2.218125,0.463648,0.608749,2.330690,0.411400,0.608749,2.330690,0.411400,0.496182,2.218125,0.411400,0.496182,2.218125,0.411400,0.608749,2.218125,0.411400,0.108749,2.218125,0.411400,-0.003817,2.330690,0.411400,-0.003817,2.330690,0.411400,0.108749,2.218125,0.463648,0.108749,2.218125,0.463648,-0.003817,2.330690,0.463648,-0.003817,2.330690,0.463648,0.108749,2.330690,0.551070,0.052465,2.218125,0.551070,0.052465,2.218125,0.551070,0.302465,2.330690,0.551070,0.302465,2.330690,0.463648,0.358749,2.330690,0.463648,0.246183,2.218125,0.463648,0.246183,2.218125,0.463648,0.358749,2.330690,0.411400,0.358749,2.330690,0.411400,0.246183,2.218125,0.411400,0.246183,2.218125,0.411400,0.358749,2.140389,0.638391,-0.286051,2.140389,0.638391,0.927285,2.329880,0.152541,-0.286051,2.329881,0.152541,0.927285,1.950897,0.152541,0.927285,1.950897,0.152541,-0.286051,2.329880,0.411204,-0.286051,2.329881,0.411204,0.927285,1.950897,0.411204,0.927285,1.950897,0.411204,-0.286051,1.973756,0.531525,-0.794663,1.973756,0.531525,-0.415680,2.352739,0.531525,-0.415679,2.352739,0.531525,-0.794663,1.973756,0.152541,-0.794663,1.973756,0.152541,-0.415679,2.352739,0.152541,-0.415680,2.352739,0.152541,-0.794663],

    "morphTargets": [],

    "normals": [-0.577349,0.577349,0.577349,0.577349,0.577349,0.577349,0.577349,0.577349,-0.577349,-0.577349,0.577349,-0.577349,-0.707083,0.000000,-0.707083,-0.707083,0.000000,0.707083,0.707083,0.000000,0.707083,0.707083,0.000000,-0.707083,-0.301492,-0.301492,-0.904508,0.301492,-0.301492,-0.904508,0.301492,-0.301492,0.904508,-0.301492,-0.301492,0.904508,0.577349,-0.577349,0.577349,0.577349,-0.577349,-0.577349,-0.577349,-0.577349,-0.577349,-0.577349,-0.577349,0.577349,0.000000,0.332194,-0.943175,-0.666951,0.332194,-0.666921,0.000000,1.000000,0.000000,-0.943175,0.332194,0.000000,-0.666951,0.332194,0.666921,0.000000,0.332194,0.943175,0.666921,0.332194,0.666921,0.943205,0.332194,0.000000,0.666921,0.332194,-0.666921,0.618427,0.484817,-0.618427,0.000000,0.484817,-0.874599,0.874599,0.484817,0.000000,0.618427,0.484817,0.618427,0.000000,0.484817,0.874599,-0.618427,0.484848,0.618397,-0.874599,0.484817,0.000000,-0.618427,0.484848,-0.618397,0.000000,0.399518,-0.916715,-0.648213,0.399518,-0.648183,-0.916715,0.399518,0.000000,-0.648213,0.399518,0.648183,0.000000,0.399518,0.916715,0.648213,0.399518,0.648183,0.916715,0.399518,0.000000,0.648213,0.399518,-0.648183,0.683065,0.258522,-0.683035,0.000000,0.258522,-0.965972,0.965972,0.258522,0.000000,0.683065,0.258522,0.683035,0.000000,0.258522,0.965972,-0.683065,0.258522,0.683035,-0.965972,0.258522,0.000000,-0.683065,0.258522,-0.683035,0.000000,0.230323,-0.973083,-0.688070,0.230323,-0.688070,-0.973083,0.230323,0.000000,-0.688070,0.230323,0.688070,0.000000,0.230323,0.973083,0.688070,0.230323,0.688070,0.973083,0.230323,0.000000,0.688070,0.230323,-0.688070,0.000000,0.000000,-1.000000,1.000000,0.000000,0.000000,0.000000,0.000000,1.000000,-1.000000,0.000000,0.000000,0.648762,0.214667,-0.730064,0.648762,0.214667,0.730064,-0.648762,0.214667,0.730064,-0.648762,0.214667,-0.730064,-0.558153,0.829707,0.000000,0.558153,0.829707,0.000000,0.724082,0.262307,-0.637867,-0.724082,0.262307,-0.637867,0.000000,0.822687,-0.568438,-0.724082,0.262307,0.637867,0.000000,0.822687,0.568438,0.724082,0.262307,0.637867],

    "colors": [],

    "uvs": [[]],