{

    "metadata" :
    {
        "formatVersion" : 3,
        "generatedBy"   : "Blender 2.63 Exporter",
        "vertices"      : 20,
        "faces"         : 18,
        "normals"       : 18,
        "colors"        : 0,
        "uvs"           : 0,
        "materials"     : 1,
        "morphTargets"  : 0
    },

    "scale" : 1.000000,

    "materials": [	{
	"DbgColor" : 15658734,
	"DbgIndex" : 0,
	"DbgName" : "ag quad",
	"blending" : "NormalBlending",
	"colorAmbient" : [0.0, 0.0, 0.0],
	"colorDiffuse" : [0.5119999961853026, 0.0, 0.2275554452472246],
	"colorSpecular" : [0.125, 0.125, 0.125],
	"depthTest" : true,
	"depthWrite" : true,
	"shading" : "Lambert",
	"specularCoef" : 50,
	"transparency" : 1.0,
	"transparent" : false,
	"vertexColors" : false
	}],

    "vertices": [5.955885,0.589531,-5.329930,5.476484,0.589531,-5.329930,5.955885,0.227533,-5.329930,5.476484,0.227533,-5.329930,5.476484,0.227533,-5.404501,5.955885,0.227533,-5.404501,5.955885,0.227533,-5.766501,5.476484,0.227533,-5.766501,5.476484,0.589531,-5.404501,5.955885,0.589531,-5.404501,5.476484,0.589531,-5.766501,5.955885,0.589531,-5.766501,6.187795,0.227533,-5.766501,6.187795,0.227533,-5.404505,5.244573,0.227533,-5.404505,5.244573,0.227533,-5.766501,6.187795,0.589531,-5.766501,6.187795,0.589531,-5.404501,5.244573,0.589531,-5.404505,5.244573,0.589531,-5.766501],

    "morphTargets": [],

    "normals": [0.577349,0.577349,0.577349,-0.577349,0.577349,0.577349,-0.577349,-0.577349,0.577349,0.577349,-0.577349,0.577349,0.301492,0.904508,0.301492,-0.301492,0.904508,0.301492,-0.301492,-0.904508,0.301492,0.301492,-0.904508,0.301492,0.000000,-0.707083,-0.707083,0.577349,-0.577349,-0.577349,0.577349,-0.577349,0.577319,-0.577349,-0.577349,-0.577349,-0.577349,-0.577349,0.577319,0.000000,0.707083,-0.707083,-0.577349,0.577349,-0.577349,-0.577349,0.577349,0.577319,0.577349,0.577349,-0.577349,0.577349,0.577319,0.577349],

    "colors": [],

    "uvs": [[]],

    "faces": [35,0,1,3,2,0,0,1,2,3,35,1,0,9,8,0,1,0,4,5,35,4,5,2,3,0,6,7,3,2,35,0,2,5,9,0,0,3,7,4,35,8,4,3,1,0,5,6,2,1,35,6,12,13,5,0,8,9,10,7,35,7,6,5,4,0,8,8,7,6,35,15,7,4,14,0,11,8,6,12,35,10,19,18,8,0,13,14,15,5,35,11,10,8,9,0,13,13,5,4,35,16,11,9,17,0,16,13,4,17,35,8,18,14,4,0,5,15,12,6,35,17,9,5,13,0,17,4,7,10,35,11,16,12,6,0,13,16,9,8,35,10,11,6,7,0,13,13,8,8,35,19,10,7,15,0,14,13,8,11,35,12,16,17,13,0,9,16,17,10,35,14,18,19,15,0,12,15,14,11]



}
