{

    "metadata" :
    {
        "formatVersion" : 3,
        "generatedBy"   : "Blender 2.63 Exporter",
        "vertices"      : 8,
        "faces"         : 6,
        "normals"       : 8,
        "colors"        : 0,
        "uvs"           : 0,
        "materials"     : 1,
        "morphTargets"  : 0
    },

    "scale" : 1.000000,

    "materials": [	{
	"DbgColor" : 15658734,
	"DbgIndex" : 0,
	"DbgName" : "athletics",
	"blending" : "NormalBlending",
	"colorAmbient" : [0.0, 0.0, 0.0],
	"colorDiffuse" : [0.00018208000381782653, 0.40960002555847197, 0.09516080163658858],
	"colorSpecular" : [0.125, 0.125, 0.125],
	"depthTest" : true,
	"depthWrite" : true,
	"shading" : "Lambert",
	"specularCoef" : 50,
	"transparency" : 1.0,
	"transparent" : false,
	"vertexColors" : false
	}],

    "vertices": [12.205904,0.582278,3.532835,12.368364,0.582278,4.383604,13.803060,0.582278,4.109634,13.640600,0.582278,3.258866,13.640600,0.033218,3.258866,13.803060,0.033218,4.109634,12.368364,0.033218,4.383604,12.205904,0.033218,3.532835],

    "morphTargets": [],

    "normals": [0.458785,0.577349,-0.675375,-0.675375,0.577349,-0.458785,-0.458785,0.577349,0.675375,0.675375,0.577349,0.458785,-0.458785,-0.577349,0.675375,0.675375,-0.577349,0.458785,0.458785,-0.577349,-0.675375,-0.675375,-0.577349,-0.458785],

    "colors": [],

    "uvs": [[]],

    "faces": [35,3,0,1,2,0,0,1,2,3,35,1,6,5,2,0,2,4,5,3,35,2,5,4,3,0,3,5,6,0,35,7,0,3,4,0,7,1,0,6,35,0,7,6,1,0,1,7,4,2,35,6,7,4,5,0,4,7,6,5]



}
