{

    "metadata" :
    {
        "formatVersion" : 3,
        "generatedBy"   : "Blender 2.63 Exporter",
        "vertices"      : 8,
        "faces"         : 6,
        "normals"       : 8,
        "colors"        : 0,
        "uvs"           : 0,
        "materials"     : 1,
        "morphTargets"  : 0
    },

    "scale" : 1.000000,

    "materials": [	{
	"DbgColor" : 15658734,
	"DbgIndex" : 0,
	"DbgName" : "north campus",
	"blending" : "NormalBlending",
	"colorAmbient" : [0.0, 0.0, 0.0],
	"colorDiffuse" : [0.40960002555847197, 0.17400632163891672, 0.0],
	"colorSpecular" : [0.125, 0.125, 0.125],
	"depthTest" : true,
	"depthWrite" : true,
	"shading" : "Lambert",
	"specularCoef" : 50,
	"transparency" : 1.0,
	"transparent" : false,
	"vertexColors" : false
	}],

    "vertices": [8.613945,0.199318,-24.419416,8.445406,0.199318,-23.873184,7.899174,0.199318,-24.041723,8.067713,0.199318,-24.587955,8.613945,0.947424,-24.419416,8.445406,0.947424,-23.873184,7.899174,0.947424,-24.041723,8.067713,0.947424,-24.587955],

    "morphTargets": [],

    "normals": [0.721885,-0.577349,-0.381451,0.381451,-0.577349,0.721885,-0.721885,-0.577349,0.381451,-0.381451,-0.577349,-0.721885,0.721885,0.577349,-0.381451,-0.381451,0.577349,-0.721885,-0.721885,0.577349,0.381451,0.381451,0.577349,0.721885],

    "colors": [],

    "uvs": [[]],

    "faces": [35,0,1,2,3,0,0,1,2,3,35,4,7,6,5,0,4,5,6,7,35,0,4,5,1,0,0,4,7,1,35,1,5,6,2,0,1,7,6,2,35,2,6,7,3,0,2,6,5,3,35,4,0,3,7,0,4,0,3,5]



}
