{

    "metadata" :
    {
        "formatVersion" : 3,
        "generatedBy"   : "Blender 2.63 Exporter",
        "vertices"      : 96,
        "faces"         : 109,
        "normals"       : 50,
        "colors"        : 0,
        "uvs"           : 4,
        "materials"     : 1,
        "morphTargets"  : 0
    },

    "scale" : 1.000000,

    "materials": [	{
	"DbgColor" : 15658734,
	"DbgIndex" : 0,
	"DbgName" : "central",
	"blending" : "NormalBlending",
	"colorAmbient" : [0.0, 0.0, 0.0],
	"colorDiffuse" : [0.0, 0.2650020877272201, 0.40960002555847197],
	"colorSpecular" : [0.125, 0.125, 0.125],
	"depthTest" : true,
	"depthWrite" : true,
	"shading" : "Lambert",
	"specularCoef" : 50,
	"transparency" : 1.0,
	"transparent" : false,
	"vertexColors" : false
	}],

    "vertices": [-1.902752,0.383173,-8.634514,-1.840603,0.383173,-8.634514,-1.840603,0.383173,-8.958305,-1.902752,0.383173,-8.958305,-1.902752,0.383173,-9.783163,-1.513731,0.383173,-9.783163,-1.513731,0.383173,-9.704899,-1.902752,0.383173,-7.900206,-0.517237,0.383173,-7.900206,-0.517237,0.383173,-9.727347,-0.884031,0.383173,-9.718911,-0.884031,0.383173,-7.900206,-0.884031,0.383173,-9.526032,-0.884031,0.383173,-8.245543,-1.902752,0.383173,-8.522321,-1.902752,0.383173,-8.247723,-1.902752,0.383173,-9.703580,-1.902752,0.383173,-9.521267,-1.408900,0.383173,-9.521267,-1.393394,0.383173,-8.246632,-1.393394,0.383173,-8.518418,-1.902752,0.383173,-9.126215,-1.902752,0.383173,-9.193961,-1.413872,0.383173,-9.193961,-1.648071,0.383173,-8.520370,-1.510655,0.383173,-9.193961,-1.510655,0.383173,-9.126215,-1.510655,0.383173,-8.634514,-1.510655,0.383173,-8.519394,-1.510655,0.383173,-8.958305,-1.839241,0.383173,-9.126215,-1.165413,0.383173,-8.958305,-1.165413,0.383173,-8.634514,-1.165413,0.383173,-9.126215,-1.393394,0.383173,-7.900206,-1.409670,0.383173,-9.711905,-1.409670,0.786188,-9.711905,-1.393394,0.786188,-7.900206,-1.165413,0.786188,-9.126215,-1.165413,0.786188,-8.634514,-1.165413,0.786188,-8.958305,-1.839241,0.786188,-9.126215,-1.510655,0.786188,-8.958305,-1.510655,0.786188,-8.519394,-1.510655,0.786188,-8.634514,-1.510655,0.786188,-9.126215,-1.510655,0.786188,-9.193961,-1.648071,0.786188,-8.520370,-1.413872,0.786188,-9.193961,-1.902752,0.786188,-9.193961,-1.902752,0.786188,-9.126215,-1.393394,0.786188,-8.518418,-1.393394,0.786188,-8.246632,-1.408900,0.786188,-9.521267,-1.902752,0.786188,-9.521267,-1.902752,0.786188,-9.703580,-1.902752,0.786188,-8.247723,-1.902752,0.786188,-8.522321,-0.884031,0.786188,-8.245543,-0.884031,0.786188,-9.526032,-0.884031,0.786188,-7.900206,-0.884031,0.786188,-9.718911,-0.517237,0.786188,-9.727347,-0.517237,0.786188,-7.900206,-1.902752,0.786188,-7.900206,-1.513731,0.786188,-9.704899,-1.513731,0.786188,-9.783163,-1.902752,0.786188,-9.783163,-1.902752,0.786188,-8.958305,-1.840603,0.786188,-8.958305,-1.840603,0.786188,-8.634514,-1.902752,0.786188,-8.634514,0.763998,0.332988,-9.745345,0.763998,0.332988,-9.396566,-0.500315,0.332988,-9.396566,-0.500313,0.332988,-9.745345,-0.500313,1.185840,-9.745345,-0.500315,1.185840,-9.396566,0.763998,1.185840,-9.396566,0.763998,1.185840,-9.745345,-0.065972,1.307496,-9.685917,-0.065972,1.307496,-9.455995,-0.354894,1.307496,-9.455995,-0.354894,1.307496,-9.685917,-0.354894,1.138043,-9.685917,-0.354894,1.138043,-9.455995,-0.065972,1.138043,-9.455995,-0.065972,1.138043,-9.685917,0.559191,1.138043,-9.685917,0.559191,1.138043,-9.455995,0.270269,1.138043,-9.455995,0.270269,1.138043,-9.685917,0.270269,1.307496,-9.685917,0.270269,1.307496,-9.455995,0.559191,1.307496,-9.455995,0.559191,1.307496,-9.685917],

    "morphTargets": [],

    "normals": [-0.298532,-0.905576,0.301248,0.571245,-0.576128,-0.584552,0.577349,-0.577349,0.577349,-0.300790,-0.904782,-0.301431,-0.012818,-0.708182,-0.705893,0.000000,-0.707083,0.707083,-0.577349,-0.577349,-0.577349,0.577349,-0.577349,-0.577349,0.279672,-0.912290,-0.299142,-0.707083,-0.707083,0.000000,0.304819,-0.901669,0.306681,0.302194,-0.904263,-0.301553,-0.577349,-0.577349,0.577349,0.000000,-1.000000,0.000000,0.301492,-0.904508,0.301492,0.572527,-0.578143,0.581286,-0.301492,-0.904508,-0.301492,0.579516,-0.577776,-0.574725,0.304209,-0.903531,-0.301706,-0.301492,-0.904508,0.301492,0.301492,-0.904508,-0.301492,0.707083,-0.707083,0.000000,-0.028687,-0.701071,-0.712485,-0.028687,0.701071,-0.712485,-0.012818,0.708182,-0.705893,0.279672,0.912290,-0.299142,0.000000,0.707083,0.707083,-0.577349,0.577349,0.577349,0.707083,0.707083,0.000000,0.577349,0.577349,0.577349,0.301492,0.904508,0.301492,0.577349,0.577349,-0.577349,0.301492,0.904508,-0.301492,0.304209,0.903531,-0.301706,0.579516,0.577776,-0.574725,0.572527,0.578143,0.581286,0.304819,0.901669,0.306681,-0.707083,0.707083,0.000000,0.302194,0.904263,-0.301553,-0.300790,0.904782,-0.301431,-0.298532,0.905576,0.301248,-0.577349,0.577349,-0.577349,-0.301492,0.904508,-0.301492,-0.301492,0.904508,0.301492,0.571245,0.576128,-0.584552,0.000000,1.000000,0.000000,-0.577349,-0.577349,0.577319,-0.577319,-0.577349,-0.577349,-0.577349,0.577349,0.577319,-0.577319,0.577349,-0.577349],

    "colors": [],

    "uvs": [[0.000000,1.000000,1.000000,1.000000,1.000000,0.000000,0.000000,0.000000]],