{

    "metadata" :
    {
        "formatVersion" : 3,
        "generatedBy"   : "Blender 2.63 Exporter",
        "vertices"      : 101,
        "faces"         : 104,
        "normals"       : 64,
        "colors"        : 0,
        "uvs"           : 261,
        "materials"     : 1,
        "morphTargets"  : 0
    },

    "scale" : 1.000000,

    "materials": [	{
	"DbgColor" : 15658734,
	"DbgIndex" : 0,
	"DbgName" : "default",
	"vertexColors" : false
	}],

    "vertices": [0.693451,0.577042,0.103183,0.693451,0.577042,0.589052,1.074856,0.577042,0.589052,1.120494,0.577042,0.589052,1.120494,0.577042,0.103182,1.074856,0.577042,0.103182,-0.494697,0.575808,1.122556,-0.494697,0.575808,0.436623,0.501155,0.575808,1.268657,-0.319788,0.575808,1.268657,-0.500798,0.575808,1.268657,-0.663505,0.575808,1.268657,-0.717465,0.575808,1.268657,-0.717464,0.439853,1.414758,-0.717465,0.439853,1.122556,-0.717464,0.128912,1.414758,-0.717465,0.128912,1.122556,1.426645,0.128912,-0.282839,1.426645,0.439853,-0.282839,1.426645,0.439853,-0.644675,1.426645,0.128912,-0.644675,1.426645,0.128912,-0.857301,1.426645,0.439853,-0.857301,0.457790,0.128912,-0.857301,0.457790,0.439853,-0.857301,1.152289,0.439853,-0.857301,1.152289,0.128912,-0.857301,-0.458893,0.128912,-0.414242,-0.639963,0.128912,-0.607161,-0.458893,0.439853,-0.414242,-0.639963,0.439853,-0.607161,-0.720463,0.128912,-0.917693,-0.453592,0.128912,-0.879585,-0.911956,0.128912,-0.372845,-0.821451,0.128912,-0.239469,-0.911956,0.439853,-0.372845,-0.821451,0.439853,-0.239469,-0.720463,0.439853,-0.917693,-0.453592,0.439853,-0.879585,1.218977,0.439853,0.103182,1.218977,0.128912,0.103182,1.218977,0.128912,0.589052,1.218977,0.439853,0.589052,0.594969,0.439853,1.070158,0.594969,0.128912,1.070158,1.152289,0.128912,1.070158,1.152289,0.439853,1.070158,1.152289,0.439853,0.589052,1.152289,0.128912,0.589052,0.594968,0.128912,0.589052,0.594968,0.439853,0.589052,0.594968,0.439853,0.103183,0.594968,0.128912,0.103183,1.152289,0.128912,0.103182,1.152289,0.439853,0.103182,1.152289,0.128912,-0.644675,1.152289,0.439853,-0.644675,1.152289,0.439853,-0.282839,1.152289,0.128912,-0.282839,0.594968,0.128912,-0.173096,0.594968,0.439853,-0.173096,0.457790,0.439853,-0.644675,0.457790,0.128912,-0.644675,-0.920158,0.128912,-0.735180,-0.920158,0.439853,-0.735180,-0.224341,0.128912,-0.644675,-0.224341,0.439853,-0.644675,-0.314846,0.439853,-0.173096,-0.314846,0.128912,-0.173096,-0.686750,0.439853,-0.173096,-0.686750,0.128912,-0.173096,-0.686750,0.128912,0.293720,-0.686750,0.439853,0.293720,-0.314846,0.128912,0.293720,-0.314846,0.439853,0.293720,-0.319788,0.439853,0.293720,-0.319788,0.128912,0.293720,-0.500798,0.439853,0.293720,-0.500798,0.128912,0.293720,-0.500798,0.128912,0.436623,-0.500798,0.439853,0.436623,-0.500798,0.128912,1.414758,-0.500798,0.439853,1.414758,-0.500798,0.439853,1.122556,-0.500798,0.128912,1.122556,-0.319788,0.128912,0.436623,-0.319788,0.439853,0.436623,-0.663505,0.439853,0.436623,-0.663505,0.128912,0.436623,-0.663505,0.128912,1.414758,-0.663505,0.128912,1.122556,-0.663505,0.439853,1.414758,-0.663505,0.439853,1.122556,-0.319788,0.439853,1.122556,-0.319788,0.439853,1.414758,0.501155,0.439853,1.414758,0.501155,0.439853,1.122556,-0.319788,0.128912,1.122556,-0.319788,0.128912,1.414758,0.501155,0.128912,1.414758,0.501155,0.128912,1.122556],

    "morphTargets": [],

    "normals": [0.000000,0.707083,-0.707083,-0.359142,0.699911,-0.617328,-0.359142,0.699911,0.617328,0.000000,0.707083,0.707083,0.359142,0.699911,0.617328,0.359142,0.699911,-0.617328,0.301492,0.301492,-0.904508,-0.856533,0.482162,-0.183843,-0.856533,0.482162,0.183843,0.301492,0.301492,0.904508,0.728050,0.234260,0.644215,0.728050,0.234260,-0.644215,-0.538621,0.594653,-0.596851,0.000000,1.000000,0.000000,0.015656,0.901456,0.432508,-0.022523,0.000061,0.999725,0.527390,0.598376,-0.603137,0.817927,0.560015,-0.131626,-0.006958,0.806970,-0.590533,-0.706534,0.338145,-0.621601,0.000000,0.000000,1.000000,-0.301492,0.301492,-0.904508,0.627308,0.310892,0.713981,0.627308,0.310892,-0.713981,0.581225,0.813715,0.000000,0.000000,0.399213,0.916837,-0.627308,0.310892,-0.713981,-0.581225,0.813715,0.000000,-0.627308,0.310892,0.713981,-0.577349,-0.577349,0.577349,-0.577349,-0.577349,-0.577349,-0.301492,-0.904508,-0.301492,0.000000,-0.707083,0.707083,0.707083,0.707083,0.000000,0.707083,-0.707083,0.000000,0.577349,-0.577349,-0.577349,0.577349,0.577349,-0.577349,0.577349,0.577349,0.577349,0.577349,-0.577349,0.577349,0.301492,0.904508,0.301492,0.301492,-0.904508,0.301492,0.000000,-1.000000,0.000000,0.000000,-0.707083,-0.707083,-0.577349,0.577349,-0.577349,-0.301492,0.904508,-0.301492,-0.230781,-0.622425,-0.747856,-0.717978,-0.624775,-0.306803,-0.717978,0.624775,-0.306803,-0.230781,0.622425,-0.747856,0.347270,-0.641285,-0.684164,0.347270,0.641285,-0.684164,0.229957,-0.805780,-0.545732,0.229957,0.805780,-0.545732,-0.724937,0.648610,0.231727,-0.724937,-0.648610,0.231727,-0.496719,0.653859,0.570696,-0.496719,-0.653859,0.570696,-0.451033,0.847224,0.280587,-0.451033,-0.847224,0.280587,0.301492,-0.904508,-0.301492,-0.577349,0.577349,0.577349,-0.707083,-0.707083,0.000000,-0.301492,0.904508,0.301492,-0.301492,-0.904508,0.301492],

    "colors": [],