{

    "metadata" :
    {
        "formatVersion" : 3,
        "generatedBy"   : "Blender 2.63 Exporter",
        "vertices"      : 104,
        "faces"         : 117,
        "normals"       : 95,
        "colors"        : 0,
        "uvs"           : 0,
        "materials"     : 0,
        "morphTargets"  : 0
    },

    "scale" : 1.000000,

    "materials": [],

    "vertices": [-5.791597,0.179244,1.637001,-6.006074,0.179244,1.637001,-5.988319,0.129505,1.566010,-5.988319,0.129505,1.712844,-5.773842,0.129505,1.712844,-5.773842,0.129505,1.566010,-5.988319,0.018252,1.566010,-5.988319,0.018252,1.712844,-5.773842,0.018252,1.712844,-5.773842,0.018252,1.566010,-6.238316,0.011890,1.588940,-6.238316,0.011890,1.744722,-6.238316,0.169950,1.744722,-6.238316,0.169950,1.588940,-6.238316,0.216852,1.744722,-6.338056,0.216852,1.744135,-6.358353,0.169950,1.589514,-6.492675,0.169950,1.764433,-6.482110,0.169950,1.684403,-6.432944,0.169950,1.620379,-6.338056,0.169950,1.744135,-6.117199,0.011890,1.527628,-5.977969,0.011890,1.527628,-6.256432,0.011890,1.527628,-6.256432,0.258122,1.527628,-5.977969,0.258122,1.527628,-6.117199,0.258122,1.527628,-6.117199,0.439059,1.531095,-6.117199,0.433762,1.978129,-6.237777,0.252825,2.044277,-6.186816,0.252825,2.095239,-6.117199,0.252825,2.113892,-6.047585,0.252825,2.095239,-5.996623,0.252825,2.044276,-5.977969,0.252825,1.974661,-6.256432,0.252825,1.974661,-5.821557,0.011890,1.960273,-5.821557,0.011890,1.849406,-5.821557,0.011890,1.738539,-5.821557,0.258144,1.738539,-5.821557,0.258144,1.849406,-5.821557,0.258144,1.960273,-5.821557,0.417033,1.849406,-5.821557,0.206894,1.960273,-6.607885,0.206894,1.960273,-6.499623,0.206894,1.962678,-6.502512,0.206894,2.082611,-6.610773,0.206894,2.080205,-6.273814,0.206894,2.082611,-6.273814,0.206894,1.962678,-6.498078,0.417033,1.850937,-6.498078,0.258144,1.961476,-6.273814,0.417033,1.851812,-6.615974,0.417033,1.850062,-6.607885,0.258144,1.738539,-6.607885,0.258144,1.960273,-6.663319,0.258144,1.945419,-6.703899,0.258144,1.904839,-6.718752,0.258144,1.849406,-6.703899,0.258144,1.793972,-6.663319,0.258144,1.753392,-6.499623,0.258144,1.740945,-6.273814,0.258144,1.962678,-6.273814,0.258144,1.740945,-6.273814,0.011890,1.740945,-6.338056,0.011890,1.744135,-6.432944,0.011890,1.620379,-6.482110,0.011890,1.684403,-6.492675,0.011890,1.764433,-6.358353,0.011890,1.589514,-6.256432,0.011890,1.974661,-5.977969,0.011890,1.974661,-5.996623,0.011890,2.044276,-6.047585,0.011890,2.095239,-6.117199,0.011890,2.113892,-6.186816,0.011890,2.095239,-6.237777,0.011890,2.044277,-6.117199,0.011890,1.974661,-6.273814,0.011890,1.851812,-6.273814,0.011890,1.962678,-6.273814,0.011890,2.082611,-6.610773,0.011890,2.080205,-6.502512,0.011890,2.082611,-6.499623,0.011890,1.740945,-6.499623,0.011890,1.962678,-6.499623,0.011890,1.851812,-6.607885,0.011890,1.849406,-6.663319,0.011890,1.753392,-6.703899,0.011890,1.793972,-6.718752,0.011890,1.849406,-6.703899,0.011890,1.904839,-6.663319,0.011890,1.945419,-6.607885,0.011890,1.960273,-6.607885,0.011890,1.738539,-6.262573,0.729046,1.588241,-6.436580,0.729046,1.588241,-6.436580,0.504316,1.501237,-6.436580,0.504316,1.675244,-6.262573,0.504316,1.675244,-6.262573,0.504316,1.501237,-6.436580,0.011890,1.501237,-6.436580,0.011890,1.675244,-6.262573,0.011890,1.675244,-6.262573,0.011890,1.501237],

    "morphTargets": [],

    "normals": [0.000732,-0.999969,0.000000,0.299783,-0.904843,-0.302194,0.577349,-0.577349,0.577349,-0.007874,-0.704611,0.709525,-0.385571,-0.875942,0.289895,-0.590594,-0.577227,0.563860,0.000824,0.300027,0.953917,0.577349,0.577349,-0.577349,0.000000,0.000000,-1.000000,0.647298,0.228828,0.727042,0.625782,0.384716,-0.678487,0.447493,0.894192,-0.012482,0.622822,0.394055,0.675863,-0.736808,0.675954,-0.012391,-0.602649,0.357219,0.713553,-0.603870,0.343699,-0.719138,-0.577349,-0.577349,-0.577349,0.577349,-0.577349,-0.577349,-0.577349,-0.577349,0.577349,0.705008,0.000000,0.709159,0.593158,0.479202,-0.646901,0.561663,0.663076,0.494797,0.575793,-0.577013,0.579180,0.576067,-0.577074,-0.578845,0.043031,-0.722770,0.689718,-0.147099,-0.666219,-0.731071,0.062258,0.000000,0.998047,-0.161382,0.563921,-0.809900,-0.044496,0.824152,0.564562,-0.643055,0.475753,0.600085,-0.506699,0.553575,-0.660878,-0.769250,0.553575,-0.318949,-0.699393,-0.653218,-0.289987,-0.583697,-0.564806,0.583300,-0.460677,-0.653218,-0.600848,0.000000,0.009552,-0.999939,-0.725120,0.251717,-0.640950,0.000000,0.834010,-0.551714,0.725120,0.251717,-0.640950,0.000000,-0.707083,-0.707083,0.727958,-0.678854,0.095828,0.000000,-1.000000,0.000000,-0.727958,-0.678854,0.095828,0.942534,0.310617,0.122929,-0.942534,0.310617,0.122929,0.000000,0.947996,0.318186,0.825312,0.304331,0.475600,0.476974,0.302408,0.825251,0.000000,0.301675,0.953398,-0.476943,0.302408,0.825251,-0.825312,0.304331,0.475600,-0.655690,-0.653218,0.378552,-0.378582,-0.653218,0.655721,0.000000,-0.653218,0.757134,0.378582,-0.653218,0.655721,0.655721,-0.653218,0.378552,1.000000,0.000000,0.000000,0.643513,0.229347,-0.730247,0.561022,0.827754,-0.002289,0.574633,-0.579669,-0.577685,0.707083,-0.707083,0.000000,0.575945,-0.577044,-0.578997,-0.001862,-0.707694,-0.706504,-0.002075,0.299661,-0.954039,-0.000244,0.999969,0.002564,-0.007874,0.704611,0.709525,0.577349,0.577349,0.577349,0.007813,0.709586,-0.704520,-0.563768,0.577441,-0.590503,-0.590594,0.577227,0.563860,-0.007965,0.300241,0.953825,-0.127506,0.289071,0.948759,-0.001648,0.999969,0.000183,-0.339640,0.940519,-0.001160,0.009491,0.299875,-0.953917,-0.110477,0.290689,-0.950407,-0.477950,0.280190,-0.832453,-0.832118,0.273995,-0.482131,-0.962493,0.271218,-0.000183,-0.832606,0.272713,0.482009,-0.478439,0.278024,0.832911,-0.378552,-0.653218,0.655721,-0.655721,-0.653218,0.378582,-0.757134,-0.653218,0.000000,-0.655721,-0.653218,-0.378552,-0.378552,-0.653218,-0.655721,-0.087985,-0.676595,-0.731071,0.007813,-0.709586,-0.704520,0.000000,-0.999969,0.000000,0.667989,0.136631,0.731468,0.667989,0.136631,-0.731468,0.545762,0.837916,0.000000,-0.667989,0.136631,0.731468,-0.545762,0.837916,0.000000,-0.667989,0.136631,-0.731468],

    "colors": [],

    "uvs": [[]],