{

    "metadata" :
    {
        "formatVersion" : 3,
        "generatedBy"   : "Blender 2.63 Exporter",
        "vertices"      : 35,
        "faces"         : 44,
        "normals"       : 34,
        "colors"        : 0,
        "uvs"           : 0,
        "materials"     : 1,
        "morphTargets"  : 0
    },

    "scale" : 1.000000,

    "materials": [	{
	"DbgColor" : 15658734,
	"DbgIndex" : 0,
	"DbgName" : "eng quad",
	"blending" : "NormalBlending",
	"colorAmbient" : [0.0, 0.0, 0.0],
	"colorDiffuse" : [0.07574470752097229, 0.0, 0.40960002555847197],
	"colorSpecular" : [0.125, 0.125, 0.125],
	"depthTest" : true,
	"depthWrite" : true,
	"shading" : "Lambert",
	"specularCoef" : 50,
	"transparency" : 1.0,
	"transparent" : false,
	"vertexColors" : false
	}],

    "vertices": [-6.598544,0.006220,7.075045,-6.598545,0.471737,7.075045,-6.607298,0.471737,6.813742,-6.607298,0.006220,6.813742,-7.241300,0.006219,6.815739,-7.241300,0.471735,6.815739,-7.232545,0.471735,7.077037,-7.232545,0.006219,7.077037,-7.230821,0.006219,7.560351,-7.230822,0.471735,7.560351,-6.596821,0.471737,7.558355,-6.596820,0.006220,7.558355,-7.230822,0.238977,7.560351,-6.913821,0.471736,7.559355,-6.913821,0.006219,7.559355,-6.596820,0.238978,7.558355,-6.913821,0.238978,7.559355,-6.912169,0.238978,7.918814,-6.595168,0.238978,7.917814,-6.912169,0.006219,7.918814,-6.912169,0.471736,7.918814,-6.595168,0.006220,7.917814,-6.595169,0.471737,7.917814,-6.607298,0.238978,6.813742,-7.034771,0.006219,6.814738,-7.241300,0.238977,6.815739,-7.034772,0.471736,6.814738,-7.034772,0.238978,6.814738,-7.036902,0.238978,6.138183,-7.036902,0.471736,6.138183,-7.036902,0.006219,6.138183,-6.609429,0.238978,6.137187,-6.609429,0.006220,6.137187,-6.609429,0.471737,6.137187,-6.598544,0.238978,7.075045],

    "morphTargets": [],

    "normals": [-0.704703,0.000000,0.709464,-0.703574,0.710471,0.013031,-0.703574,-0.710471,0.013031,-0.575396,-0.577349,0.579272,-0.575396,0.577349,0.579272,-0.300577,0.904355,0.302927,0.710318,0.703757,-0.013153,0.706961,0.707205,-0.002869,0.710318,-0.703726,-0.013153,-0.300577,-0.904355,0.302927,0.706961,-0.707205,-0.002869,0.999969,0.000000,-0.004059,-0.704337,0.000000,0.709830,-0.575060,-0.577410,0.579516,-0.575060,0.577410,0.579516,0.709830,0.000000,0.704337,0.579608,-0.577258,0.575121,0.579608,0.577258,0.575121,-0.302988,-0.904324,-0.300577,-0.589038,-0.575854,-0.566881,0.703513,-0.710532,-0.012879,-0.709922,0.000000,-0.704276,-0.720511,0.000000,-0.693411,-0.302988,0.904324,-0.300577,-0.589068,0.575854,-0.566881,0.703513,0.710532,-0.012879,-0.578936,0.577288,-0.575762,-0.709037,0.000000,-0.705161,-0.578936,-0.577288,-0.575762,0.575732,0.577380,-0.578906,0.575732,-0.577380,-0.578906,0.999817,0.000000,-0.018311,0.705161,0.000000,-0.709037,0.999817,0.000000,-0.018525],

    "colors": [],

    "uvs": [[]],

    "faces": [34,12,6,7,0,0,1,2,34,8,12,7,0,3,0,2,34,12,9,6,0,0,4,1,34,13,1,6,0,5,6,1,34,9,13,6,0,4,5,1,34,13,10,1,0,5,7,6,34,7,0,14,0,2,8,9,34,14,0,11,0,9,8,10,34,14,8,7,0,9,3,2,34,10,15,1,0,7,11,6,34,11,0,15,0,10,8,11,35,16,13,9,12,0,12,5,4,0,35,14,16,12,8,0,9,12,0,3,35,16,14,19,17,0,12,9,13,12,35,13,16,17,20,0,5,12,12,14,35,11,15,18,21,0,10,11,15,16,35,15,10,22,18,0,11,7,17,15,35,14,11,21,19,0,9,10,16,13,35,10,13,20,22,0,7,5,14,17,35,18,22,20,17,0,15,17,14,12,35,21,18,17,19,0,16,15,12,13,34,24,0,7,0,18,8,2,34,4,24,7,0,19,18,2,34,3,0,24,0,20,8,18,35,27,24,4,25,0,21,18,19,22,35,26,27,25,5,0,23,21,22,24,34,26,6,1,0,23,1,6,34,2,26,1,0,25,23,6,34,26,5,6,0,23,24,1,34,25,7,6,0,22,2,1,34,5,25,6,0,24,22,1,34,25,4,7,0,22,19,2,35,27,26,29,28,0,21,23,26,27,35,24,27,28,30,0,18,21,27,28,35,26,2,33,29,0,23,25,29,26,35,3,24,30,32,0,20,18,28,30,35,23,3,32,31,0,31,20,30,32,35,2,23,31,33,0,25,31,32,29,35,31,32,30,28,0,32,30,28,27,35,33,31,28,29,0,29,32,27,26,34,1,15,34,0,6,11,33,34,0,34,15,0,8,33,11,35,1,34,23,2,0,6,33,31,25,35,0,3,23,34,0,8,20,31,33]



}
