{

    "metadata" :
    {
        "formatVersion" : 3,
        "generatedBy"   : "Blender 2.63 Exporter",
        "vertices"      : 16,
        "faces"         : 12,
        "normals"       : 12,
        "colors"        : 0,
        "uvs"           : 0,
        "materials"     : 1,
        "morphTargets"  : 0
    },

    "scale" : 1.000000,

    "materials": [	{
	"DbgColor" : 15658734,
	"DbgIndex" : 0,
	"DbgName" : "arts quad",
	"blending" : "NormalBlending",
	"colorAmbient" : [0.0, 0.0, 0.0],
	"colorDiffuse" : [0.40960002555847197, 0.0, 0.33971992045223587],
	"colorSpecular" : [0.125, 0.125, 0.125],
	"depthTest" : true,
	"depthWrite" : true,
	"shading" : "Lambert",
	"specularCoef" : 50,
	"transparency" : 1.0,
	"transparent" : false,
	"vertexColors" : false
	}],

    "vertices": [-2.780992,0.023878,-11.016377,-2.780992,0.023878,-10.646992,-3.991498,0.023878,-10.646991,-3.991498,0.023878,-11.016376,-2.780992,0.393264,-11.016377,-2.780992,0.393264,-10.646992,-3.991498,0.393264,-10.646991,-3.991498,0.393264,-11.016376,-3.759924,0.302069,-10.687601,-3.759924,0.302069,-10.500941,-3.148231,0.302069,-10.500941,-3.148231,0.302069,-10.687596,-3.759924,0.033592,-10.687601,-3.759924,0.033592,-10.500941,-3.148231,0.033592,-10.500941,-3.148231,0.033592,-10.687601],

    "morphTargets": [],

    "normals": [0.577349,-0.577349,-0.577349,0.577349,-0.577349,0.577349,-0.577349,-0.577349,0.577349,-0.577349,-0.577349,-0.577349,0.577349,0.577349,-0.577349,-0.577349,0.577349,-0.577349,-0.577349,0.577349,0.577349,0.577349,0.577349,0.577349,-0.577349,-0.577319,-0.577349,-0.577319,0.577349,-0.577349,0.577349,0.577349,-0.577319,0.577319,-0.577319,-0.577349],

    "colors": [],

    "uvs": [[]],

    "faces": [35,0,1,2,3,0,0,1,2,3,35,4,7,6,5,0,4,5,6,7,35,0,4,5,1,0,0,4,7,1,35,1,5,6,2,0,1,7,6,2,35,2,6,7,3,0,2,6,5,3,35,4,0,3,7,0,4,0,3,5,35,12,8,11,15,0,8,9,10,11,35,13,9,8,12,0,2,6,9,8,35,14,10,9,13,0,1,7,6,2,35,15,11,10,14,0,11,10,7,1,35,11,8,9,10,0,10,9,6,7,35,13,12,15,14,0,2,8,11,1]



}
