{

    "metadata" :
    {
        "formatVersion" : 3,
        "generatedBy"   : "Blender 2.63 Exporter",
        "vertices"      : 24,
        "faces"         : 22,
        "normals"       : 24,
        "colors"        : 0,
        "uvs"           : 0,
        "materials"     : 1,
        "morphTargets"  : 0
    },

    "scale" : 1.000000,

    "materials": [	{
	"DbgColor" : 15658734,
	"DbgIndex" : 0,
	"DbgName" : "arts quad",
	"blending" : "NormalBlending",
	"colorAmbient" : [0.0, 0.0, 0.0],
	"colorDiffuse" : [0.40960002555847197, 0.0, 0.33971992045223587],
	"colorSpecular" : [0.125, 0.125, 0.125],
	"depthTest" : true,
	"depthWrite" : true,
	"shading" : "Lambert",
	"specularCoef" : 50,
	"transparency" : 1.0,
	"transparent" : false,
	"vertexColors" : false
	}],

    "vertices": [-8.010464,0.054877,-8.478394,-8.010464,0.423832,-8.478394,-8.020309,0.423832,-8.871273,-8.020309,0.054877,-8.871273,-8.081811,0.054877,-8.869277,-8.428929,0.054877,-8.858038,-8.081811,0.423832,-8.869277,-8.428929,0.423832,-8.858038,-8.000619,0.054877,-8.085446,-8.000619,0.423832,-8.085446,-7.990605,0.423832,-7.685652,-7.990605,0.054877,-7.685652,-8.046304,0.054877,-7.683852,-8.393425,0.054877,-7.672613,-8.046304,0.423832,-7.683852,-8.393425,0.423832,-7.672613,-8.416209,0.423832,-8.465230,-8.406368,0.423832,-8.072331,-8.059246,0.423832,-8.083573,-8.069090,0.423832,-8.476469,-8.416209,0.054877,-8.465230,-8.406368,0.054877,-8.072331,-8.059246,0.054877,-8.083573,-8.069090,0.054877,-8.476469],

    "morphTargets": [],

    "normals": [0.593585,0.577746,0.560198,0.593585,-0.577746,0.560198,0.560686,-0.576952,-0.593890,0.560686,0.576952,-0.593890,0.311502,0.903623,0.293985,0.311502,-0.903623,0.293985,-0.022889,-0.707114,-0.706717,-0.022889,0.707114,-0.706717,-0.595721,-0.577349,-0.558336,-0.595721,0.577349,-0.558336,-0.705985,-0.707907,0.020264,-0.705985,0.707907,0.020264,0.560839,-0.576983,-0.593738,0.560839,0.576983,-0.593738,0.593463,0.577715,0.560350,0.593463,-0.577715,0.560350,0.291604,-0.905332,-0.308725,0.291604,0.905332,-0.308725,0.022858,0.707083,0.706717,0.022858,-0.707083,0.706717,-0.558336,0.577349,0.595721,-0.558336,-0.577349,0.595721,-0.707633,-0.706259,0.020295,-0.707633,0.706259,0.020295],

    "colors": [],

    "uvs": [[]],

    "faces": [35,1,0,3,2,0,0,1,2,3,35,0,1,19,23,0,1,0,4,5,35,3,0,23,4,0,2,1,5,6,35,4,6,2,3,0,6,7,3,2,35,6,19,1,2,0,7,4,0,3,35,5,7,6,4,0,8,9,7,6,35,23,20,5,4,0,5,10,8,6,35,16,19,6,7,0,11,4,7,9,35,20,16,7,5,0,10,11,9,8,35,8,9,10,11,0,12,13,14,15,35,22,18,9,8,0,16,17,13,12,35,18,14,10,9,0,17,18,14,13,35,14,12,11,10,0,18,19,15,14,35,12,22,8,11,0,19,16,12,15,35,12,14,15,13,0,19,18,20,21,35,21,22,12,13,0,22,16,19,21,35,18,17,15,14,0,17,23,20,18,35,17,21,13,15,0,23,22,21,20,35,21,17,16,20,0,22,23,11,10,35,23,19,18,22,0,5,4,17,16,35,19,16,17,18,0,4,11,23,17,35,21,20,23,22,0,22,10,5,16]



}
