{

    "metadata" :
    {
        "formatVersion" : 3,
        "generatedBy"   : "Blender 2.63 Exporter",
        "vertices"      : 28,
        "faces"         : 26,
        "normals"       : 22,
        "colors"        : 0,
        "uvs"           : 0,
        "materials"     : 1,
        "morphTargets"  : 0
    },

    "scale" : 1.000000,

    "materials": [	{
	"DbgColor" : 15658734,
	"DbgIndex" : 0,
	"DbgName" : "athletics",
	"blending" : "NormalBlending",
	"colorAmbient" : [0.0, 0.0, 0.0],
	"colorDiffuse" : [0.00018208000381782653, 0.40960002555847197, 0.09516080163658858],
	"colorSpecular" : [0.125, 0.125, 0.125],
	"depthTest" : true,
	"depthWrite" : true,
	"shading" : "Lambert",
	"specularCoef" : 50,
	"transparency" : 1.0,
	"transparent" : false,
	"vertexColors" : false
	}],

    "vertices": [3.287883,0.014377,2.695429,3.287883,0.580198,2.695429,4.472671,0.014377,2.695429,4.472671,0.580198,2.695429,3.056819,0.580198,2.695429,3.056819,0.014377,2.695429,3.056819,0.014377,2.821464,3.056819,0.580198,2.821464,3.056819,0.014377,3.331206,3.056819,0.580198,3.331206,4.472671,0.580198,3.331206,4.472671,0.014377,3.331206,4.472671,0.580198,3.966983,5.006278,0.580198,3.331206,4.472671,0.580198,2.821465,3.287883,0.580198,3.331206,3.287883,0.014377,3.331206,4.472671,0.014377,2.821465,5.006278,0.014377,3.331206,4.472671,0.014377,3.966983,5.006278,0.580198,2.821465,5.006278,0.580198,3.966983,3.287884,0.580198,3.966983,3.287883,0.580198,2.821464,3.287883,0.014377,2.821464,3.287884,0.014377,3.966983,5.006278,0.014377,3.966983,5.006278,0.014377,2.821465],

    "morphTargets": [],

    "normals": [0.000000,0.707083,-0.707083,0.000000,-0.707083,-0.707083,-0.577349,-0.577349,-0.577349,-0.577349,0.577349,-0.577349,0.577349,-0.577349,-0.577349,0.577349,0.577349,-0.577349,0.301492,-0.904508,-0.301492,0.000000,-1.000000,0.000000,0.000000,1.000000,0.000000,0.301492,0.904508,-0.301492,-0.707083,0.707083,0.000000,-0.707083,-0.707083,0.000000,-0.577349,0.577349,0.577349,-0.577349,-0.577349,0.577349,-0.301492,-0.904508,0.301492,-0.301492,0.904508,0.301492,0.707083,0.707083,0.000000,0.000000,0.707083,0.707083,0.577349,0.577349,0.577349,0.000000,-0.707083,0.707083,0.577349,-0.577349,0.577349,0.707083,-0.707083,0.000000],

    "colors": [],

    "uvs": [[]],

    "faces": [35,1,0,5,4,0,0,1,2,3,35,2,0,1,3,0,4,1,0,5,35,0,2,17,24,0,1,4,6,7,35,23,14,3,1,0,8,9,5,0,35,14,17,2,3,0,9,6,4,5,35,7,23,1,4,0,10,8,0,3,35,5,0,24,6,0,2,1,7,11,35,6,7,4,5,0,11,10,3,2,35,9,7,6,8,0,12,10,11,13,35,24,16,8,6,0,7,14,13,11,35,15,23,7,9,0,15,8,10,12,35,16,15,9,8,0,14,15,12,13,35,13,10,12,21,0,16,8,17,18,35,10,15,22,12,0,8,15,12,17,35,20,14,10,13,0,5,9,8,16,35,14,23,15,10,0,9,8,15,8,35,12,22,25,19,0,17,12,13,19,35,21,12,19,26,0,18,17,19,20,35,13,21,26,18,0,16,18,20,21,35,20,13,18,27,0,5,16,21,4,35,14,20,27,17,0,9,5,4,6,35,22,15,16,25,0,12,15,14,13,35,19,11,18,26,0,19,7,21,20,35,11,17,27,18,0,7,6,4,21,35,25,16,11,19,0,13,14,7,19,35,16,24,17,11,0,14,7,6,7]



}
